Workbook

Sheet 峰谷误差
A2: 原估算与 Rocky：逐圈波峰、波谷误差
A4: 对比第1–86个完整循环。误差以参考文件为分母；第87–100圈保留估算值，误差留空。
A6: 统计指标 | B6: 波峰 | C6: 波谷 | D6: 统计口径
A7: 平均绝对相对误差 | B7: =AVERAGE(G36:G135) -> 0.23326542 | C7: =AVERAGE(M36:M135) -> 0.17849954 | D7: MAPE；波谷首圈为0分母，不计入百分比平均
A8: 平均绝对误差 (mm) | B8: =AVERAGE(E36:E135) -> 0.73799557 | C8: =AVERAGE(K36:K135) -> 0.38086132 | D8: MAE；86个完整循环均计入
A9: 均方根误差 (mm) | B9: =SQRT(SUMSQ(D36:D135)/COUNT(D36:D135)) -> 0.74288522 | C9: =SQRT(SUMSQ(J36:J135)/COUNT(J36:J135)) -> 0.39087898 | D9: RMSE；86个完整循环均计入
A10: 平均偏差 (mm) | B10: =AVERAGE(D36:D135) -> -0.73799557 | C10: =AVERAGE(J36:J135) -> -0.38086132 | D10: 估算减参考；负值表示估算偏低
A11: 百分比有效循环数 | B11: =COUNT(G36:G135) -> 86 | C11: =COUNT(M36:M135) -> 85 | D11: 未把缺少完整参考数据的循环视为零误差
A13: 有符号相对误差 = (估算 - 参考) / 参考；绝对相对误差 = |估算 - 参考| / |参考|。
A14: 参考波峰/波谷取自原文件循环汇总；估算由原模型快照的0.02 s时程求极值，没有重新拟合。
A35: 循环 N | B35: 参考波峰 (mm) | C35: 估算波峰 (mm) | D35: 波峰差值 (mm) | E35: 波峰绝对差 (mm) | F35: 波峰相对误差 | G35: 波峰绝对相对误差 | H35: 参考波谷 (mm) | I35: 估算波谷 (mm) | J35: 波谷差值 (mm) | K35: 波谷绝对差 (mm) | L35: 波谷相对误差 | M35: 波谷绝对相对误差 | N35: 比较状态
A36: 1 | B36: =IF(COUNTIFS(参考循环数据!$A$7:$A$92,A36)>0,VLOOKUP(A36,参考循环数据!$A$7:$I$92,6,FALSE),"") -> 2.2239786 | C36: =MAX('0.02s时程'!G2:G67) -> 1.3068722 | D36: =IF(ISNUMBER(B36),C36-B36,"") -> -0.91710634 | E36: =IF(ISNUMBER(D36),ABS(D36),"") -> 0.91710634 | F36: =IF(ISNUMBER(B36),IF(B36=0,"不适用（参考为0）",D36/B36),"") -> -0.41237193 | G36: =IF(ISNUMBER(F36),ABS(F36),F36) -> 0.41237193 | H36: =IF(COUNTIFS(参考循环数据!$A$7:$A$92,A36)>0,VLOOKUP(A36,参考循环数据!$A$7:$I$92,5,FALSE),"") -> 0 | I36: =MIN('0.02s时程'!G2:G67) -> 0 | J36: =IF(ISNUMBER(H36),I36-H36,"") -> 0 | K36: =IF(ISNUMBER(J36),ABS(J36),"") -> 0 | L36: =IF(ISNUMBER(H36),IF(H36=0,"不适用（参考为0）",J36/H36),"") -> 不适用（参考为0） | M36: =IF(ISNUMBER(L36),ABS(L36),L36) -> 不适用（参考为0） | N36: 完整参考循环
A37: 2 | B37: =IF(COUNTIFS(参考循环数据!$A$7:$A$92,A37)>0,VLOOKUP(A37,参考循环数据!$A$7:$I$92,6,FALSE),"") -> 2.3544004 | C37: =MAX('0.02s时程'!G67:G132) -> 1.4773362 | D37: =IF(ISNUMBER(B37),C37-B37,"") -> -0.87706423 | E37: =IF(ISNUMBER(D37),ABS(D37),"") -> 0.87706423 | F37: =IF(ISNUMBER(B37),IF(B37=0,"不适用（参考为0）",D37/B37),"") -> -0.37252127 | G37: =IF(ISNUMBER(F37),ABS(F37),F37) -> 0.37252127 | H37: =IF(COUNTIFS(参考循环数据!$A$7:$A$92,A37)>0,VLOOKUP(A37,参考循环数据!$A$7:$I$92,5,FALSE),"") -> 1.3364279 | I37: =MIN('0.02s时程'!G67:G132) -> 0.73150958 | J37: =IF(ISNUMBER(H37),I37-H37,"") -> -0.60491836 | K37: =IF(ISNUMBER(J37),ABS(J37),"") -> 0.60491836 | L37: =IF(ISNUMBER(H37),IF(H37=0,"不适用（参考为0）",J37/H37),"") -> -0.45263822 | M37: =IF(ISNUMBER(L37),ABS(L37),L37) -> 0.45263822 | N37: 完整参考循环
A38: 3 | B38: =IF(COUNTIFS(参考循环数据!$A$7:$A$92,A38)>0,VLOOKUP(A38,参考循环数据!$A$7:$I$92,6,FALSE),"") -> 2.4453973 | C38: =MAX('0.02s时程'!G132:G197) -> 1.5918643 | D38: =IF(ISNUMBER(B38),C38-B38,"") -> -0.85353293 | E38: =IF(ISNUMBER(D38),ABS(D38),"") -> 0.85353293 | F38: =IF(ISNUMBER(B38),IF(B38=0,"不适用（参考为0）",D38/B38),"") -> -0.34903651 | G38: =IF(ISNUMBER(F38),ABS(F38),F38) -> 0.34903651 | H38: =IF(COUNTIFS(参考循环数据!$A$7:$A$92,A38)>0,VLOOKUP(A38,参考循环数据!$A$7:$I$92,5,FALSE),"") -> 1.4531613 | I38: =MIN('0.02s时程'!G132:G197) -> 0.88220817 | J38: =IF(ISNUMBER(H38),I38-H38,"") -> -0.57095308 | K38: =IF(ISNUMBER(J38),ABS(J38),"") -> 0.57095308 | L38: =IF(ISNUMBER(H38),IF(H38=0,"不适用（参考为0）",J38/H38),"") -> -0.39290415 | M38: =IF(ISNUMBER(L38),ABS(L38),L38) -> 0.39290415 | N38: 完整参考循环
A39: 4 | B39: =IF(COUNTIFS(参考循环数据!$A$7:$A$92,A39)>0,VLOOKUP(A39,参考循环数据!$A$7:$I$92,6,FALSE),"") -> 2.5159427 | C39: =MAX('0.02s时程'!G197:G262) -> 1.6805391 | D39: =IF(ISNUMBER(B39),C39-B39,"") -> -0.83540362 | E39: =IF(ISNUMBER(D39),ABS(D39),"") -> 0.83540362 | F39: =IF(ISNUMBER(B39),IF(B39=0,"不适用（参考为0）",D39/B39),"") -> -0.33204397 | G39: =IF(ISNUMBER(F39),ABS(F39),F39) -> 0.33204397 | H39: =IF(COUNTIFS(参考循环数据!$A$7:$A$92,A39)>0,VLOOKUP(A39,参考循环数据!$A$7:$I$92,5,FALSE),"") -> 1.5326778 | I39: =MIN('0.02s时程'!G197:G262) -> 0.98874032 | J39: =IF(ISNUMBER(H39),I39-H39,"") -> -0.54393753 | K39: =IF(ISNUMBER(J39),ABS(J39),"") -> 0.54393753 | L39: =IF(ISNUMBER(H39),IF(H39=0,"不适用（参考为0）",J39/H39),"") -> -0.35489358 | M39: =IF(ISNUMBER(L39),ABS(L39),L39) -> 0.35489358 | N39: 完整参考循环
A40: 5 | B40: =IF(COUNTIFS(参考循环数据!$A$7:$A$92,A40)>0,VLOOKUP(A40,参考循环数据!$A$7:$I$92,6,FALSE),"") -> 2.5719775 | C40: =MAX('0.02s时程'!G262:G327) -> 1.7536001 | D40: =IF(ISNUMBER(B40),C40-B40,"") -> -0.81837739 | E40: =IF(ISNUMBER(D40),ABS(D40),"") -> 0.81837739 | F40: =IF(ISNUMBER(B40),IF(B40=0,"不适用（参考为0）",D40/B40),"") -> -0.31818995 | G40: =IF(ISNUMBER(F40),ABS(F40),F40) -> 0.31818995 | H40: =IF(COUNTIFS(参考循环数据!$A$7:$A$92,A40)>0,VLOOKUP(A40,参考循环数据!$A$7:$I$92,5,FALSE),"") -> 1.5938789 | I40: =MIN('0.02s时程'!G262:G327) -> 1.0728525 | J40: =IF(ISNUMBER(H40),I40-H40,"") -> -0.5210264 | K40: =IF(ISNUMBER(J40),ABS(J40),"") -> 0.5210264 | L40: =IF(ISNUMBER(H40),IF(H40=0,"不适用（参考为0）",J40/H40),"") -> -0.3268921 | M40: =IF(ISNUMBER(L40),ABS(L40),L40) -> 0.3268921 | N40: 完整参考循环
A41: 6 | B41: =IF(COUNTIFS(参考循环数据!$A$7:$A$92,A41)>0,VLOOKUP(A41,参考循环数据!$A$7:$I$92,6,FALSE),"") -> 2.6149734 | C41: =MAX('0.02s时程'!G327:G392) -> 1.8159914 | D41: =IF(ISNUMBER(B41),C41-B41,"") -> -0.79898198 | E41: =IF(ISNUMBER(D41),ABS(D41),"") -> 0.79898198 | F41: =IF(ISNUMBER(B41),IF(B41=0,"不适用（参考为0）",D41/B41),"") -> -0.30554115 | G41: =IF(ISNUMBER(F41),ABS(F41),F41) -> 0.30554115 | H41: =IF(COUNTIFS(参考循环数据!$A$7:$A$92,A41)>0,VLOOKUP(A41,参考循环数据!$A$7:$I$92,5,FALSE),"") -> 1.6392043 | I41: =MIN('0.02s时程'!G327:G392) -> 1.142894 | J41: =IF(ISNUMBER(H41),I41-H41,"") -> -0.49631028 | K41: =IF(ISNUMBER(J41),ABS(J41),"") -> 0.49631028 | L41: =IF(ISNUMBER(H41),IF(H41=0,"不适用（参考为0）",J41/H41),"") -> -0.30277512 | M41: =IF(ISNUMBER(L41),ABS(L41),L41) -> 0.30277512 | N41: 完整参考循环
A42: 7 | B42: =IF(COUNTIFS(参考循环数据!$A$7:$A$92,A42)>0,VLOOKUP(A42,参考循环数据!$A$7:$I$92,6,FALSE),"") -> 2.6534431 | C42: =MAX('0.02s时程'!G392:G457) -> 1.8705401 | D42: =IF(ISNUMBER(B42),C42-B42,"") -> -0.78290295 | E42: =IF(ISNUMBER(D42),ABS(D42),"") -> 0.78290295 | F42: =IF(ISNUMBER(B42),IF(B42=0,"不适用（参考为0）",D42/B42),"") -> -0.29505172 | G42: =IF(ISNUMBER(F42),ABS(F42),F42) -> 0.29505172 | H42: =IF(COUNTIFS(参考循环数据!$A$7:$A$92,A42)>0,VLOOKUP(A42,参考循环数据!$A$7:$I$92,5,FALSE),"") -> 1.6762613 | I42: =MIN('0.02s时程'!G392:G457) -> 1.2031116 | J42: =IF(ISNUMBER(H42),I42-H42,"") -> -0.47314973 | K42: =IF(ISNUMBER(J42),ABS(J42),"") -> 0.47314973 | L42: =IF(ISNUMBER(H42),IF(H42=0,"不适用（参考为0）",J42/H42),"") -> -0.2822649 | M42: =IF(ISNUMBER(L42),ABS(L42),L42) -> 0.2822649 | N42: 完整参考循环
A43: 8 | B43: =IF(COUNTIFS(参考循环数据!$A$7:$A$92,A43)>0,VLOOKUP(A43,参考循环数据!$A$7:$I$92,6,FALSE),"") -> 2.6841355 | C43: =MAX('0.02s时程'!G457:G522) -> 1.9190377 | D43: =IF(ISNUMBER(B43),C43-B43,"") -> -0.76509786 | E43: =IF(ISNUMBER(D43),ABS(D43),"") -> 0.76509786 | F43: =IF(ISNUMBER(B43),IF(B43=0,"不适用（参考为0）",D43/B43),"") -> -0.28504442 | G43: =IF(ISNUMBER(F43),ABS(F43),F43) -> 0.28504442 | H43: =IF(COUNTIFS(参考循环数据!$A$7:$A$92,A43)>0,VLOOKUP(A43,参考循环数据!$A$7:$I$92,5,FALSE),"") -> 1.7087247 | I43: =MIN('0.02s时程'!G457:G522) -> 1.2560074 | J43: =IF(ISNUMBER(H43),I43-H43,"") -> -0.45271739 | K43: =IF(ISNUMBER(J43),ABS(J43),"") -> 0.45271739 | L43: =IF(ISNUMBER(H43),IF(H43=0,"不适用（参考为0）",J43/H43),"") -> -0.2649446 | M43: =IF(ISNUMBER(L43),ABS(L43),L43) -> 0.2649446 | N43: 完整参考循环
A44: 9 | B44: =IF(COUNTIFS(参考循环数据!$A$7:$A$92,A44)>0,VLOOKUP(A44,参考循环数据!$A$7:$I$92,6,FALSE),"") -> 2.7134724 | C44: =MAX('0.02s时程'!G522:G587) -> 1.9627014 | D44: =IF(ISNUMBER(B44),C44-B44,"") -> -0.75077096 | E44: =IF(ISNUMBER(D44),ABS(D44),"") -> 0.75077096 | F44: =IF(ISNUMBER(B44),IF(B44=0,"不适用（参考为0）",D44/B44),"") -> -0.27668273 | G44: =IF(ISNUMBER(F44),ABS(F44),F44) -> 0.27668273 | H44: =IF(COUNTIFS(参考循环数据!$A$7:$A$92,A44)>0,VLOOKUP(A44,参考循环数据!$A$7:$I$92,5,FALSE),"") -> 1.7378688 | I44: =MIN('0.02s时程'!G522:G587) -> 1.3031987 | J44: =IF(ISNUMBER(H44),I44-H44,"") -> -0.43467007 | K44: =IF(ISNUMBER(J44),ABS(J44),"") -> 0.43467007 | L44: =IF(ISNUMBER(H44),IF(H44=0,"不适用（参考为0）",J44/H44),"") -> -0.25011674 | M44: =IF(ISNUMBER(L44),ABS(L44),L44) -> 0.25011674 | N44: 完整参考循环
A45: 10 | B45: =IF(COUNTIFS(参考循环数据!$A$7:$A$92,A45)>0,VLOOKUP(A45,参考循环数据!$A$7:$I$92,6,FALSE),"") -> 2.7395907 | C45: =MAX('0.02s时程'!G587:G652) -> 2.0024015 | D45: =IF(ISNUMBER(B45),C45-B45,"") -> -0.73718917 | E45: =IF(ISNUMBER(D45),ABS(D45),"") -> 0.73718917 | F45: =IF(ISNUMBER(B45),IF(B45=0,"不适用（参考为0）",D45/B45),"") -> -0.26908734 | G45: =IF(ISNUMBER(F45),ABS(F45),F45) -> 0.26908734 | H45: =IF(COUNTIFS(参考循环数据!$A$7:$A$92,A45)>0,VLOOKUP(A45,参考循环数据!$A$7:$I$92,5,FALSE),"") -> 1.7643067 | I45: =MIN('0.02s时程'!G587:G652) -> 1.3458003 | J45: =IF(ISNUMBER(H45),I45-H45,"") -> -0.41850641 | K45: =IF(ISNUMBER(J45),ABS(J45),"") -> 0.41850641 | L45: =IF(ISNUMBER(H45),IF(H45=0,"不适用（参考为0）",J45/H45),"") -> -0.23720729 | M45: =IF(ISNUMBER(L45),ABS(L45),L45) -> 0.23720729 | N45: 完整参考循环
A46: 11 | B46: =IF(COUNTIFS(参考循环数据!$A$7:$A$92,A46)>0,VLOOKUP(A46,参考循环数据!$A$7:$I$92,6,FALSE),"") -> 2.7664592 | C46: =MAX('0.02s时程'!G652:G717) -> 2.0387844 | D46: =IF(ISNUMBER(B46),C46-B46,"") -> -0.72767472 | E46: =IF(ISNUMBER(D46),ABS(D46),"") -> 0.72767472 | F46: =IF(ISNUMBER(B46),IF(B46=0,"不适用（参考为0）",D46/B46),"") -> -0.26303469 | G46: =IF(ISNUMBER(F46),ABS(F46),F46) -> 0.26303469 | H46: =IF(COUNTIFS(参考循环数据!$A$7:$A$92,A46)>0,VLOOKUP(A46,参考循环数据!$A$7:$I$92,5,FALSE),"") -> 1.7884987 | I46: =MIN('0.02s时程'!G652:G717) -> 1.3846174 | J46: =IF(ISNUMBER(H46),I46-H46,"") -> -0.40388137 | K46: =IF(ISNUMBER(J46),ABS(J46),"") -> 0.40388137 | L46: =IF(ISNUMBER(H46),IF(H46=0,"不适用（参考为0）",J46/H46),"") -> -0.22582145 | M46: =IF(ISNUMBER(L46),ABS(L46),L46) -> 0.22582145 | N46: 完整参考循环
A47: 12 | B47: =IF(COUNTIFS(参考循环数据!$A$7:$A$92,A47)>0,VLOOKUP(A47,参考循环数据!$A$7:$I$92,6,FALSE),"") -> 2.7909798 | C47: =MAX('0.02s时程'!G717:G782) -> 2.0723454 | D47: =IF(ISNUMBER(B47),C47-B47,"") -> -0.71863445 | E47: =IF(ISNUMBER(D47),ABS(D47),"") -> 0.71863445 | F47: =IF(ISNUMBER(B47),IF(B47=0,"不适用（参考为0）",D47/B47),"") -> -0.25748464 | G47: =IF(ISNUMBER(F47),ABS(F47),F47) -> 0.25748464 | H47: =IF(COUNTIFS(参考循环数据!$A$7:$A$92,A47)>0,VLOOKUP(A47,参考循环数据!$A$7:$I$92,5,FALSE),"") -> 1.8141852 | I47: =MIN('0.02s时程'!G717:G782) -> 1.4202531 | J47: =IF(ISNUMBER(H47),I47-H47,"") -> -0.39393209 | K47: =IF(ISNUMBER(J47),ABS(J47),"") -> 0.39393209 | L47: =IF(ISNUMBER(H47),IF(H47=0,"不适用（参考为0）",J47/H47),"") -> -0.21713995 | M47: =IF(ISNUMBER(L47),ABS(L47),L47) -> 0.21713995 | N47: 完整参考循环
A48: 13 | B48: =IF(COUNTIFS(参考循环数据!$A$7:$A$92,A48)>0,VLOOKUP(A48,参考循环数据!$A$7:$I$92,6,FALSE),"") -> 2.8150501 | C48: =MAX('0.02s时程'!G782:G847) -> 2.103473 | D48: =IF(ISNUMBER(B48),C48-B48,"") -> -0.71157712 | E48: =IF(ISNUMBER(D48),ABS(D48),"") -> 0.71157712 | F48: =IF(ISNUMBER(B48),IF(B48=0,"不适用（参考为0）",D48/B48),"") -> -0.25277601 | G48: =IF(ISNUMBER(F48),ABS(F48),F48) -> 0.25277601 | H48: =IF(COUNTIFS(参考循环数据!$A$7:$A$92,A48)>0,VLOOKUP(A48,参考循环数据!$A$7:$I$92,5,FALSE),"") -> 1.8362418 | I48: =MIN('0.02s时程'!G782:G847) -> 1.4531727 | J48: =IF(ISNUMBER(H48),I48-H48,"") -> -0.38306909 | K48: =IF(ISNUMBER(J48),ABS(J48),"") -> 0.38306909 | L48: =IF(ISNUMBER(H48),IF(H48=0,"不适用（参考为0）",J48/H48),"") -> -0.20861582 | M48: =IF(ISNUMBER(L48),ABS(L48),L48) -> 0.20861582 | N48: 完整参考循环
A49: 14 | B49: =IF(COUNTIFS(参考循环数据!$A$7:$A$92,A49)>0,VLOOKUP(A49,参考循环数据!$A$7:$I$92,6,FALSE),"") -> 2.8343292 | C49: =MAX('0.02s时程'!G847:G912) -> 2.1324786 | D49: =IF(ISNUMBER(B49),C49-B49,"") -> -0.70185057 | E49: =IF(ISNUMBER(D49),ABS(D49),"") -> 0.70185057 | F49: =IF(ISNUMBER(B49),IF(B49=0,"不适用（参考为0）",D49/B49),"") -> -0.24762493 | G49: =IF(ISNUMBER(F49),ABS(F49),F49) -> 0.24762493 | H49: =IF(COUNTIFS(参考循环数据!$A$7:$A$92,A49)>0,VLOOKUP(A49,参考循环数据!$A$7:$I$92,5,FALSE),"") -> 1.8544966 | I49: =MIN('0.02s时程'!G847:G912) -> 1.4837432 | J49: =IF(ISNUMBER(H49),I49-H49,"") -> -0.3707534 | K49: =IF(ISNUMBER(J49),ABS(J49),"") -> 0.3707534 | L49: =IF(ISNUMBER(H49),IF(H49=0,"不适用（参考为0）",J49/H49),"") -> -0.19992132 | M49: =IF(ISNUMBER(L49),ABS(L49),L49) -> 0.19992132 | N49: 完整参考循环
A50: 15 | B50: =IF(COUNTIFS(参考循环数据!$A$7:$A$92,A50)>0,VLOOKUP(A50,参考循环数据!$A$7:$I$92,6,FALSE),"") -> 2.8504851 | C50: =MAX('0.02s时程'!G912:G977) -> 2.159616 | D50: =IF(ISNUMBER(B50),C50-B50,"") -> -0.69086904 | E50: =IF(ISNUMBER(D50),ABS(D50),"") -> 0.69086904 | F50: =IF(ISNUMBER(B50),IF(B50=0,"不适用（参考为0）",D50/B50),"") -> -0.24236894 | G50: =IF(ISNUMBER(F50),ABS(F50),F50) -> 0.24236894 | H50: =IF(COUNTIFS(参考循环数据!$A$7:$A$92,A50)>0,VLOOKUP(A50,参考循环数据!$A$7:$I$92,5,FALSE),"") -> 1.8713365 | I50: =MIN('0.02s时程'!G912:G977) -> 1.5122599 | J50: =IF(ISNUMBER(H50),I50-H50,"") -> -0.35907654 | K50: =IF(ISNUMBER(J50),ABS(J50),"") -> 0.35907654 | L50: =IF(ISNUMBER(H50),IF(H50=0,"不适用（参考为0）",J50/H50),"") -> -0.1918824 | M50: =IF(ISNUMBER(L50),ABS(L50),L50) -> 0.1918824 | N50: 完整参考循环
A51: 16 | B51: =IF(COUNTIFS(参考循环数据!$A$7:$A$92,A51)>0,VLOOKUP(A51,参考循环数据!$A$7:$I$92,6,FALSE),"") -> 2.8683936 | C51: =MAX('0.02s时程'!G977:G1042) -> 2.185095 | D51: =IF(ISNUMBER(B51),C51-B51,"") -> -0.68329868 | E51: =IF(ISNUMBER(D51),ABS(D51),"") -> 0.68329868 | F51: =IF(ISNUMBER(B51),IF(B51=0,"不适用（参考为0）",D51/B51),"") -> -0.2382165 | G51: =IF(ISNUMBER(F51),ABS(F51),F51) -> 0.2382165 | H51: =IF(COUNTIFS(参考循环数据!$A$7:$A$92,A51)>0,VLOOKUP(A51,参考循环数据!$A$7:$I$92,5,FALSE),"") -> 1.8871786 | I51: =MIN('0.02s时程'!G977:G1042) -> 1.5389645 | J51: =IF(ISNUMBER(H51),I51-H51,"") -> -0.34821413 | K51: =IF(ISNUMBER(J51),ABS(J51),"") -> 0.34821413 | L51: =IF(ISNUMBER(H51),IF(H51=0,"不适用（参考为0）",J51/H51),"") -> -0.18451572 | M51: =IF(ISNUMBER(L51),ABS(L51),L51) -> 0.18451572 | N51: 完整参考循环
A52: 17 | B52: =IF(COUNTIFS(参考循环数据!$A$7:$A$92,A52)>0,VLOOKUP(A52,参考循环数据!$A$7:$I$92,6,FALSE),"") -> 2.8819375 | C52: =MAX('0.02s时程'!G1042:G1107) -> 2.2090911 | D52: =IF(ISNUMBER(B52),C52-B52,"") -> -0.67284644 | E52: =IF(ISNUMBER(D52),ABS(D52),"") -> 0.67284644 | F52: =IF(ISNUMBER(B52),IF(B52=0,"不适用（参考为0）",D52/B52),"") -> -0.23347017 | G52: =IF(ISNUMBER(F52),ABS(F52),F52) -> 0.23347017 | H52: =IF(COUNTIFS(参考循环数据!$A$7:$A$92,A52)>0,VLOOKUP(A52,参考循环数据!$A$7:$I$92,5,FALSE),"") -> 1.9036032 | I52: =MIN('0.02s时程'!G1042:G1107) -> 1.5640574 | J52: =IF(ISNUMBER(H52),I52-H52,"") -> -0.33954577 | K52: =IF(ISNUMBER(J52),ABS(J52),"") -> 0.33954577 | L52: =IF(ISNUMBER(H52),IF(H52=0,"不适用（参考为0）",J52/H52),"") -> -0.17837003 | M52: =IF(ISNUMBER(L52),ABS(L52),L52) -> 0.17837003 | N52: 完整参考循环
A53: 18 | B53: =IF(COUNTIFS(参考循环数据!$A$7:$A$92,A53)>0,VLOOKUP(A53,参考循环数据!$A$7:$I$92,6,FALSE),"") -> 2.8991907 | C53: =MAX('0.02s时程'!G1107:G1172) -> 2.231753 | D53: =IF(ISNUMBER(B53),C53-B53,"") -> -0.66743774 | E53: =IF(ISNUMBER(D53),ABS(D53),"") -> 0.66743774 | F53: =IF(ISNUMBER(B53),IF(B53=0,"不适用（参考为0）",D53/B53),"") -> -0.23021519 | G53: =IF(ISNUMBER(F53),ABS(F53),F53) -> 0.23021519 | H53: =IF(COUNTIFS(参考循环数据!$A$7:$A$92,A53)>0,VLOOKUP(A53,参考循环数据!$A$7:$I$92,5,FALSE),"") -> 1.9199382 | I53: =MIN('0.02s时程'!G1107:G1172) -> 1.587707 | J53: =IF(ISNUMBER(H53),I53-H53,"") -> -0.33223126 | K53: =IF(ISNUMBER(J53),ABS(J53),"") -> 0.33223126 | L53: =IF(ISNUMBER(H53),IF(H53=0,"不适用（参考为0）",J53/H53),"") -> -0.17304268 | M53: =IF(ISNUMBER(L53),ABS(L53),L53) -> 0.17304268 | N53: 完整参考循环
A54: 19 | B54: =IF(COUNTIFS(参考循环数据!$A$7:$A$92,A54)>0,VLOOKUP(A54,参考循环数据!$A$7:$I$92,6,FALSE),"") -> 2.9138851 | C54: =MAX('0.02s时程'!G1172:G1237) -> 2.2532078 | D54: =IF(ISNUMBER(B54),C54-B54,"") -> -0.66067728 | E54: =IF(ISNUMBER(D54),ABS(D54),"") -> 0.66067728 | F54: =IF(ISNUMBER(B54),IF(B54=0,"不适用（参考为0）",D54/B54),"") -> -0.22673416 | G54: =IF(ISNUMBER(F54),ABS(F54),F54) -> 0.22673416 | H54: =IF(COUNTIFS(参考循环数据!$A$7:$A$92,A54)>0,VLOOKUP(A54,参考循环数据!$A$7:$I$92,5,FALSE),"") -> 1.9362163 | I54: =MIN('0.02s时程'!G1172:G1237) -> 1.6100559 | J54: =IF(ISNUMBER(H54),I54-H54,"") -> -0.32616035 | K54: =IF(ISNUMBER(J54),ABS(J54),"") -> 0.32616035 | L54: =IF(ISNUMBER(H54),IF(H54=0,"不适用（参考为0）",J54/H54),"") -> -0.16845244 | M54: =IF(ISNUMBER(L54),ABS(L54),L54) -> 0.16845244 | N54: 完整参考循环
A55: 20 | B55: =IF(COUNTIFS(参考循环数据!$A$7:$A$92,A55)>0,VLOOKUP(A55,参考循环数据!$A$7:$I$92,6,FALSE),"") -> 2.9309916 | C55: =MAX('0.02s时程'!G1237:G1302) -> 2.273565 | D55: =IF(ISNUMBER(B55),C55-B55,"") -> -0.65742659 | E55: =IF(ISNUMBER(D55),ABS(D55),"") -> 0.65742659 | F55: =IF(ISNUMBER(B55),IF(B55=0,"不适用（参考为0）",D55/B55),"") -> -0.22430177 | G55: =IF(ISNUMBER(F55),ABS(F55),F55) -> 0.22430177 | H55: =IF(COUNTIFS(参考循环数据!$A$7:$A$92,A55)>0,VLOOKUP(A55,参考循环数据!$A$7:$I$92,5,FALSE),"") -> 1.9525233 | I55: =MIN('0.02s时程'!G1237:G1302) -> 1.6312267 | J55: =IF(ISNUMBER(H55),I55-H55,"") -> -0.32129665 | K55: =IF(ISNUMBER(J55),ABS(J55),"") -> 0.32129665 | L55: =IF(ISNUMBER(H55),IF(H55=0,"不适用（参考为0）",J55/H55),"") -> -0.16455458 | M55: =IF(ISNUMBER(L55),ABS(L55),L55) -> 0.16455458 | N55: 完整参考循环
A56: 21 | B56: =IF(COUNTIFS(参考循环数据!$A$7:$A$92,A56)>0,VLOOKUP(A56,参考循环数据!$A$7:$I$92,6,FALSE),"") -> 2.9475628 | C56: =MAX('0.02s时程'!G1302:G1367) -> 2.2929198 | D56: =IF(ISNUMBER(B56),C56-B56,"") -> -0.65464304 | E56: =IF(ISNUMBER(D56),ABS(D56),"") -> 0.65464304 | F56: =IF(ISNUMBER(B56),IF(B56=0,"不适用（参考为0）",D56/B56),"") -> -0.22209638 | G56: =IF(ISNUMBER(F56),ABS(F56),F56) -> 0.22209638 | H56: =IF(COUNTIFS(参考循环数据!$A$7:$A$92,A56)>0,VLOOKUP(A56,参考循环数据!$A$7:$I$92,5,FALSE),"") -> 1.9681848 | I56: =MIN('0.02s时程'!G1302:G1367) -> 1.6513249 | J56: =IF(ISNUMBER(H56),I56-H56,"") -> -0.31685989 | K56: =IF(ISNUMBER(J56),ABS(J56),"") -> 0.31685989 | L56: =IF(ISNUMBER(H56),IF(H56=0,"不适用（参考为0）",J56/H56),"") -> -0.16099093 | M56: =IF(ISNUMBER(L56),ABS(L56),L56) -> 0.16099093 | N56: 完整参考循环
A57: 22 | B57: =IF(COUNTIFS(参考循环数据!$A$7:$A$92,A57)>0,VLOOKUP(A57,参考循环数据!$A$7:$I$92,6,FALSE),"") -> 2.963029 | C57: =MAX('0.02s时程'!G1367:G1432) -> 2.3113553 | D57: =IF(ISNUMBER(B57),C57-B57,"") -> -0.65167369 | E57: =IF(ISNUMBER(D57),ABS(D57),"") -> 0.65167369 | F57: =IF(ISNUMBER(B57),IF(B57=0,"不适用（参考为0）",D57/B57),"") -> -0.21993497 | G57: =IF(ISNUMBER(F57),ABS(F57),F57) -> 0.21993497 | H57: =IF(COUNTIFS(参考循环数据!$A$7:$A$92,A57)>0,VLOOKUP(A57,参考循环数据!$A$7:$I$92,5,FALSE),"") -> 1.9835042 | I57: =MIN('0.02s时程'!G1367:G1432) -> 1.6704425 | J57: =IF(ISNUMBER(H57),I57-H57,"") -> -0.31306176 | K57: =IF(ISNUMBER(J57),ABS(J57),"") -> 0.31306176 | L57: =IF(ISNUMBER(H57),IF(H57=0,"不适用（参考为0）",J57/H57),"") -> -0.15783267 | M57: =IF(ISNUMBER(L57),ABS(L57),L57) -> 0.15783267 | N57: 完整参考循环
A58: 23 | B58: =IF(COUNTIFS(参考循环数据!$A$7:$A$92,A58)>0,VLOOKUP(A58,参考循环数据!$A$7:$I$92,6,FALSE),"") -> 2.9802096 | C58: =MAX('0.02s时程'!G1432:G1497) -> 2.3289447 | D58: =IF(ISNUMBER(B58),C58-B58,"") -> -0.65126485 | E58: =IF(ISNUMBER(D58),ABS(D58),"") -> 0.65126485 | F58: =IF(ISNUMBER(B58),IF(B58=0,"不适用（参考为0）",D58/B58),"") -> -0.21852988 | G58: =IF(ISNUMBER(F58),ABS(F58),F58) -> 0.21852988 | H58: =IF(COUNTIFS(参考循环数据!$A$7:$A$92,A58)>0,VLOOKUP(A58,参考循环数据!$A$7:$I$92,5,FALSE),"") -> 1.9990858 | I58: =MIN('0.02s时程'!G1432:G1497) -> 1.6886599 | J58: =IF(ISNUMBER(H58),I58-H58,"") -> -0.3104259 | K58: =IF(ISNUMBER(J58),ABS(J58),"") -> 0.3104259 | L58: =IF(ISNUMBER(H58),IF(H58=0,"不适用（参考为0）",J58/H58),"") -> -0.15528393 | M58: =IF(ISNUMBER(L58),ABS(L58),L58) -> 0.15528393 | N58: 完整参考循环
A59: 24 | B59: =IF(COUNTIFS(参考循环数据!$A$7:$A$92,A59)>0,VLOOKUP(A59,参考循环数据!$A$7:$I$92,6,FALSE),"") -> 2.9938116 | C59: =MAX('0.02s时程'!G1497:G1562) -> 2.3457529 | D59: =IF(ISNUMBER(B59),C59-B59,"") -> -0.64805868 | E59: =IF(ISNUMBER(D59),ABS(D59),"") -> 0.64805868 | F59: =IF(ISNUMBER(B59),IF(B59=0,"不适用（参考为0）",D59/B59),"") -> -0.21646609 | G59: =IF(ISNUMBER(F59),ABS(F59),F59) -> 0.21646609 | H59: =IF(COUNTIFS(参考循环数据!$A$7:$A$92,A59)>0,VLOOKUP(A59,参考循环数据!$A$7:$I$92,5,FALSE),"") -> 2.0138711 | I59: =MIN('0.02s时程'!G1497:G1562) -> 1.7060483 | J59: =IF(ISNUMBER(H59),I59-H59,"") -> -0.30782281 | K59: =IF(ISNUMBER(J59),ABS(J59),"") -> 0.30782281 | L59: =IF(ISNUMBER(H59),IF(H59=0,"不适用（参考为0）",J59/H59),"") -> -0.1528513 | M59: =IF(ISNUMBER(L59),ABS(L59),L59) -> 0.1528513 | N59: 完整参考循环
A60: 25 | B60: =IF(COUNTIFS(参考循环数据!$A$7:$A$92,A60)>0,VLOOKUP(A60,参考循环数据!$A$7:$I$92,6,FALSE),"") -> 3.0070541 | C60: =MAX('0.02s时程'!G1562:G1627) -> 2.3618374 | D60: =IF(ISNUMBER(B60),C60-B60,"") -> -0.64521667 | E60: =IF(ISNUMBER(D60),ABS(D60),"") -> 0.64521667 | F60: =IF(ISNUMBER(B60),IF(B60=0,"不适用（参考为0）",D60/B60),"") -> -0.2145677 | G60: =IF(ISNUMBER(F60),ABS(F60),F60) -> 0.2145677 | H60: =IF(COUNTIFS(参考循环数据!$A$7:$A$92,A60)>0,VLOOKUP(A60,参考循环数据!$A$7:$I$92,5,FALSE),"") -> 2.0273152 | I60: =MIN('0.02s时程'!G1562:G1627) -> 1.7226704 | J60: =IF(ISNUMBER(H60),I60-H60,"") -> -0.30464476 | K60: =IF(ISNUMBER(J60),ABS(J60),"") -> 0.30464476 | L60: =IF(ISNUMBER(H60),IF(H60=0,"不适用（参考为0）",J60/H60),"") -> -0.15027005 | M60: =IF(ISNUMBER(L60),ABS(L60),L60) -> 0.15027005 | N60: 完整参考循环
A61: 26 | B61: =IF(COUNTIFS(参考循环数据!$A$7:$A$92,A61)>0,VLOOKUP(A61,参考循环数据!$A$7:$I$92,6,FALSE),"") -> 3.0220809 | C61: =MAX('0.02s时程'!G1627:G1692) -> 2.3772498 | D61: =IF(ISNUMBER(B61),C61-B61,"") -> -0.64483113 | E61: =IF(ISNUMBER(D61),ABS(D61),"") -> 0.64483113 | F61: =IF(ISNUMBER(B61),IF(B61=0,"不适用（参考为0）",D61/B61),"") -> -0.21337322 | G61: =IF(ISNUMBER(F61),ABS(F61),F61) -> 0.21337322 | H61: =IF(COUNTIFS(参考循环数据!$A$7:$A$92,A61)>0,VLOOKUP(A61,参考循环数据!$A$7:$I$92,5,FALSE),"") -> 2.0401025 | I61: =MIN('0.02s时程'!G1627:G1692) -> 1.7385823 | J61: =IF(ISNUMBER(H61),I61-H61,"") -> -0.3015202 | K61: =IF(ISNUMBER(J61),ABS(J61),"") -> 0.3015202 | L61: =IF(ISNUMBER(H61),IF(H61=0,"不适用（参考为0）",J61/H61),"") -> -0.1477966 | M61: =IF(ISNUMBER(L61),ABS(L61),L61) -> 0.1477966 | N61: 完整参考循环
A62: 27 | B62: =IF(COUNTIFS(参考循环数据!$A$7:$A$92,A62)>0,VLOOKUP(A62,参考循环数据!$A$7:$I$92,6,FALSE),"") -> 3.0393578 | C62: =MAX('0.02s时程'!G1692:G1757) -> 2.3920362 | D62: =IF(ISNUMBER(B62),C62-B62,"") -> -0.64732167 | E62: =IF(ISNUMBER(D62),ABS(D62),"") -> 0.64732167 | F62: =IF(ISNUMBER(B62),IF(B62=0,"不适用（参考为0）",D62/B62),"") -> -0.21297975 | G62: =IF(ISNUMBER(F62),ABS(F62),F62) -> 0.21297975 | H62: =IF(COUNTIFS(参考循环数据!$A$7:$A$92,A62)>0,VLOOKUP(A62,参考循环数据!$A$7:$I$92,5,FALSE),"") -> 2.0529082 | I62: =MIN('0.02s时程'!G1692:G1757) -> 1.753834 | J62: =IF(ISNUMBER(H62),I62-H62,"") -> -0.29907418 | K62: =IF(ISNUMBER(J62),ABS(J62),"") -> 0.29907418 | L62: =IF(ISNUMBER(H62),IF(H62=0,"不适用（参考为0）",J62/H62),"") -> -0.14568318 | M62: =IF(ISNUMBER(L62),ABS(L62),L62) -> 0.14568318 | N62: 完整参考循环
A63: 28 | B63: =IF(COUNTIFS(参考循环数据!$A$7:$A$92,A63)>0,VLOOKUP(A63,参考循环数据!$A$7:$I$92,6,FALSE),"") -> 3.0512479 | C63: =MAX('0.02s时程'!G1757:G1822) -> 2.4062383 | D63: =IF(ISNUMBER(B63),C63-B63,"") -> -0.64500965 | E63: =IF(ISNUMBER(D63),ABS(D63),"") -> 0.64500965 | F63: =IF(ISNUMBER(B63),IF(B63=0,"不适用（参考为0）",D63/B63),"") -> -0.21139208 | G63: =IF(ISNUMBER(F63),ABS(F63),F63) -> 0.21139208 | H63: =IF(COUNTIFS(参考循环数据!$A$7:$A$92,A63)>0,VLOOKUP(A63,参考循环数据!$A$7:$I$92,5,FALSE),"") -> 2.0649146 | I63: =MIN('0.02s时程'!G1757:G1822) -> 1.7684706 | J63: =IF(ISNUMBER(H63),I63-H63,"") -> -0.29644399 | K63: =IF(ISNUMBER(J63),ABS(J63),"") -> 0.29644399 | L63: =IF(ISNUMBER(H63),IF(H63=0,"不适用（参考为0）",J63/H63),"") -> -0.14356235 | M63: =IF(ISNUMBER(L63),ABS(L63),L63) -> 0.14356235 | N63: 完整参考循环
A64: 29 | B64: =IF(COUNTIFS(参考循环数据!$A$7:$A$92,A64)>0,VLOOKUP(A64,参考循环数据!$A$7:$I$92,6,FALSE),"") -> 3.0635359 | C64: =MAX('0.02s时程'!G1822:G1887) -> 2.4198937 | D64: =IF(ISNUMBER(B64),C64-B64,"") -> -0.64364218 | E64: =IF(ISNUMBER(D64),ABS(D64),"") -> 0.64364218 | F64: =IF(ISNUMBER(B64),IF(B64=0,"不适用（参考为0）",D64/B64),"") -> -0.21009781 | G64: =IF(ISNUMBER(F64),ABS(F64),F64) -> 0.21009781 | H64: =IF(COUNTIFS(参考循环数据!$A$7:$A$92,A64)>0,VLOOKUP(A64,参考循环数据!$A$7:$I$92,5,FALSE),"") -> 2.0770999 | I64: =MIN('0.02s时程'!G1822:G1887) -> 1.7825326 | J64: =IF(ISNUMBER(H64),I64-H64,"") -> -0.29456727 | K64: =IF(ISNUMBER(J64),ABS(J64),"") -> 0.29456727 | L64: =IF(ISNUMBER(H64),IF(H64=0,"不适用（参考为0）",J64/H64),"") -> -0.14181661 | M64: =IF(ISNUMBER(L64),ABS(L64),L64) -> 0.14181661 | N64: 完整参考循环
A65: 30 | B65: =IF(COUNTIFS(参考循环数据!$A$7:$A$92,A65)>0,VLOOKUP(A65,参考循环数据!$A$7:$I$92,6,FALSE),"") -> 3.0748814 | C65: =MAX('0.02s时程'!G1887:G1952) -> 2.4330367 | D65: =IF(ISNUMBER(B65),C65-B65,"") -> -0.64184464 | E65: =IF(ISNUMBER(D65),ABS(D65),"") -> 0.64184464 | F65: =IF(ISNUMBER(B65),IF(B65=0,"不适用（参考为0）",D65/B65),"") -> -0.20873802 | G65: =IF(ISNUMBER(F65),ABS(F65),F65) -> 0.20873802 | H65: =IF(COUNTIFS(参考循环数据!$A$7:$A$92,A65)>0,VLOOKUP(A65,参考循环数据!$A$7:$I$92,5,FALSE),"") -> 2.0883768 | I65: =MIN('0.02s时程'!G1887:G1952) -> 1.7960569 | J65: =IF(ISNUMBER(H65),I65-H65,"") -> -0.29231987 | K65: =IF(ISNUMBER(J65),ABS(J65),"") -> 0.29231987 | L65: =IF(ISNUMBER(H65),IF(H65=0,"不适用（参考为0）",J65/H65),"") -> -0.13997468 | M65: =IF(ISNUMBER(L65),ABS(L65),L65) -> 0.13997468 | N65: 完整参考循环
A66: 31 | B66: =IF(COUNTIFS(参考循环数据!$A$7:$A$92,A66)>0,VLOOKUP(A66,参考循环数据!$A$7:$I$92,6,FALSE),"") -> 3.0844566 | C66: =MAX('0.02s时程'!G1952:G2017) -> 2.4456983 | D66: =IF(ISNUMBER(B66),C66-B66,"") -> -0.63875822 | E66: =IF(ISNUMBER(D66),ABS(D66),"") -> 0.63875822 | F66: =IF(ISNUMBER(B66),IF(B66=0,"不适用（参考为0）",D66/B66),"") -> -0.20708939 | G66: =IF(ISNUMBER(F66),ABS(F66),F66) -> 0.20708939 | H66: =IF(COUNTIFS(参考循环数据!$A$7:$A$92,A66)>0,VLOOKUP(A66,参考循环数据!$A$7:$I$92,5,FALSE),"") -> 2.1001868 | I66: =MIN('0.02s时程'!G1952:G2017) -> 1.8090767 | J66: =IF(ISNUMBER(H66),I66-H66,"") -> -0.29111003 | K66: =IF(ISNUMBER(J66),ABS(J66),"") -> 0.29111003 | L66: =IF(ISNUMBER(H66),IF(H66=0,"不适用（参考为0）",J66/H66),"") -> -0.1386115 | M66: =IF(ISNUMBER(L66),ABS(L66),L66) -> 0.1386115 | N66: 完整参考循环
A67: 32 | B67: =IF(COUNTIFS(参考循环数据!$A$7:$A$92,A67)>0,VLOOKUP(A67,参考循环数据!$A$7:$I$92,6,FALSE),"") -> 3.0983308 | C67: =MAX('0.02s时程'!G2017:G2082) -> 2.457907 | D67: =IF(ISNUMBER(B67),C67-B67,"") -> -0.64042377 | E67: =IF(ISNUMBER(D67),ABS(D67),"") -> 0.64042377 | F67: =IF(ISNUMBER(B67),IF(B67=0,"不适用（参考为0）",D67/B67),"") -> -0.20669961 | G67: =IF(ISNUMBER(F67),ABS(F67),F67) -> 0.20669961 | H67: =IF(COUNTIFS(参考循环数据!$A$7:$A$92,A67)>0,VLOOKUP(A67,参考循环数据!$A$7:$I$92,5,FALSE),"") -> 2.1133526 | I67: =MIN('0.02s时程'!G2017:G2082) -> 1.8216226 | J67: =IF(ISNUMBER(H67),I67-H67,"") -> -0.29173005 | K67: =IF(ISNUMBER(J67),ABS(J67),"") -> 0.29173005 | L67: =IF(ISNUMBER(H67),IF(H67=0,"不适用（参考为0）",J67/H67),"") -> -0.13804135 | M67: =IF(ISNUMBER(L67),ABS(L67),L67) -> 0.13804135 | N67: 完整参考循环
A68: 33 | B68: =IF(COUNTIFS(参考循环数据!$A$7:$A$92,A68)>0,VLOOKUP(A68,参考循环数据!$A$7:$I$92,6,FALSE),"") -> 3.1072968 | C68: =MAX('0.02s时程'!G2082:G2147) -> 2.4696888 | D68: =IF(ISNUMBER(B68),C68-B68,"") -> -0.63760806 | E68: =IF(ISNUMBER(D68),ABS(D68),"") -> 0.63760806 | F68: =IF(ISNUMBER(B68),IF(B68=0,"不适用（参考为0）",D68/B68),"") -> -0.20519702 | G68: =IF(ISNUMBER(F68),ABS(F68),F68) -> 0.20519702 | H68: =IF(COUNTIFS(参考循环数据!$A$7:$A$92,A68)>0,VLOOKUP(A68,参考循环数据!$A$7:$I$92,5,FALSE),"") -> 2.126545 | I68: =MIN('0.02s时程'!G2082:G2147) -> 1.8337222 | J68: =IF(ISNUMBER(H68),I68-H68,"") -> -0.29282279 | K68: =IF(ISNUMBER(J68),ABS(J68),"") -> 0.29282279 | L68: =IF(ISNUMBER(H68),IF(H68=0,"不适用（参考为0）",J68/H68),"") -> -0.13769885 | M68: =IF(ISNUMBER(L68),ABS(L68),L68) -> 0.13769885 | N68: 完整参考循环
A69: 34 | B69: =IF(COUNTIFS(参考循环数据!$A$7:$A$92,A69)>0,VLOOKUP(A69,参考循环数据!$A$7:$I$92,6,FALSE),"") -> 3.1229748 | C69: =MAX('0.02s时程'!G2147:G2212) -> 2.4810674 | D69: =IF(ISNUMBER(B69),C69-B69,"") -> -0.6419074 | E69: =IF(ISNUMBER(D69),ABS(D69),"") -> 0.6419074 | F69: =IF(ISNUMBER(B69),IF(B69=0,"不适用（参考为0）",D69/B69),"") -> -0.20554357 | G69: =IF(ISNUMBER(F69),ABS(F69),F69) -> 0.20554357 | H69: =IF(COUNTIFS(参考循环数据!$A$7:$A$92,A69)>0,VLOOKUP(A69,参考循环数据!$A$7:$I$92,5,FALSE),"") -> 2.1406072 | I69: =MIN('0.02s时程'!G2147:G2212) -> 1.845401 | J69: =IF(ISNUMBER(H69),I69-H69,"") -> -0.29520622 | K69: =IF(ISNUMBER(J69),ABS(J69),"") -> 0.29520622 | L69: =IF(ISNUMBER(H69),IF(H69=0,"不适用（参考为0）",J69/H69),"") -> -0.1379077 | M69: =IF(ISNUMBER(L69),ABS(L69),L69) -> 0.1379077 | N69: 完整参考循环
A70: 35 | B70: =IF(COUNTIFS(参考循环数据!$A$7:$A$92,A70)>0,VLOOKUP(A70,参考循环数据!$A$7:$I$92,6,FALSE),"") -> 3.1372565 | C70: =MAX('0.02s时程'!G2212:G2277) -> 2.492065 | D70: =IF(ISNUMBER(B70),C70-B70,"") -> -0.64519146 | E70: =IF(ISNUMBER(D70),ABS(D70),"") -> 0.64519146 | F70: =IF(ISNUMBER(B70),IF(B70=0,"不适用（参考为0）",D70/B70),"") -> -0.20565467 | G70: =IF(ISNUMBER(F70),ABS(F70),F70) -> 0.20565467 | H70: =IF(COUNTIFS(参考循环数据!$A$7:$A$92,A70)>0,VLOOKUP(A70,参考循环数据!$A$7:$I$92,5,FALSE),"") -> 2.1568288 | I70: =MIN('0.02s时程'!G2212:G2277) -> 1.8566824 | J70: =IF(ISNUMBER(H70),I70-H70,"") -> -0.30014646 | K70: =IF(ISNUMBER(J70),ABS(J70),"") -> 0.30014646 | L70: =IF(ISNUMBER(H70),IF(H70=0,"不适用（参考为0）",J70/H70),"") -> -0.139161 | M70: =IF(ISNUMBER(L70),ABS(L70),L70) -> 0.139161 | N70: 完整参考循环
A71: 36 | B71: =IF(COUNTIFS(参考循环数据!$A$7:$A$92,A71)>0,VLOOKUP(A71,参考循环数据!$A$7:$I$92,6,FALSE),"") -> 3.1502342 | C71: =MAX('0.02s时程'!G2277:G2342) -> 2.5027018 | D71: =IF(ISNUMBER(B71),C71-B71,"") -> -0.64753243 | E71: =IF(ISNUMBER(D71),ABS(D71),"") -> 0.64753243 | F71: =IF(ISNUMBER(B71),IF(B71=0,"不适用（参考为0）",D71/B71),"") -> -0.20555057 | G71: =IF(ISNUMBER(F71),ABS(F71),F71) -> 0.20555057 | H71: =IF(COUNTIFS(参考循环数据!$A$7:$A$92,A71)>0,VLOOKUP(A71,参考循环数据!$A$7:$I$92,5,FALSE),"") -> 2.1729019 | I71: =MIN('0.02s时程'!G2277:G2342) -> 1.8675879 | J71: =IF(ISNUMBER(H71),I71-H71,"") -> -0.30531399 | K71: =IF(ISNUMBER(J71),ABS(J71),"") -> 0.30531399 | L71: =IF(ISNUMBER(H71),IF(H71=0,"不适用（参考为0）",J71/H71),"") -> -0.14050979 | M71: =IF(ISNUMBER(L71),ABS(L71),L71) -> 0.14050979 | N71: 完整参考循环
A72: 37 | B72: =IF(COUNTIFS(参考循环数据!$A$7:$A$92,A72)>0,VLOOKUP(A72,参考循环数据!$A$7:$I$92,6,FALSE),"") -> 3.1610763 | C72: =MAX('0.02s时程'!G2342:G2407) -> 2.5129965 | D72: =IF(ISNUMBER(B72),C72-B72,"") -> -0.64807987 | E72: =IF(ISNUMBER(D72),ABS(D72),"") -> 0.64807987 | F72: =IF(ISNUMBER(B72),IF(B72=0,"不适用（参考为0）",D72/B72),"") -> -0.20501873 | G72: =IF(ISNUMBER(F72),ABS(F72),F72) -> 0.20501873 | H72: =IF(COUNTIFS(参考循环数据!$A$7:$A$92,A72)>0,VLOOKUP(A72,参考循环数据!$A$7:$I$92,5,FALSE),"") -> 2.1861285 | I72: =MIN('0.02s时程'!G2342:G2407) -> 1.8781375 | J72: =IF(ISNUMBER(H72),I72-H72,"") -> -0.30799106 | K72: =IF(ISNUMBER(J72),ABS(J72),"") -> 0.30799106 | L72: =IF(ISNUMBER(H72),IF(H72=0,"不适用（参考为0）",J72/H72),"") -> -0.14088424 | M72: =IF(ISNUMBER(L72),ABS(L72),L72) -> 0.14088424 | N72: 完整参考循环
A73: 38 | B73: =IF(COUNTIFS(参考循环数据!$A$7:$A$92,A73)>0,VLOOKUP(A73,参考循环数据!$A$7:$I$92,6,FALSE),"") -> 3.177605 | C73: =MAX('0.02s时程'!G2407:G2472) -> 2.5229664 | D73: =IF(ISNUMBER(B73),C73-B73,"") -> -0.65463857 | E73: =IF(ISNUMBER(D73),ABS(D73),"") -> 0.65463857 | F73: =IF(ISNUMBER(B73),IF(B73=0,"不适用（参考为0）",D73/B73),"") -> -0.20601635 | G73: =IF(ISNUMBER(F73),ABS(F73),F73) -> 0.20601635 | H73: =IF(COUNTIFS(参考循环数据!$A$7:$A$92,A73)>0,VLOOKUP(A73,参考循环数据!$A$7:$I$92,5,FALSE),"") -> 2.1986783 | I73: =MIN('0.02s时程'!G2407:G2472) -> 1.8883494 | J73: =IF(ISNUMBER(H73),I73-H73,"") -> -0.31032886 | K73: =IF(ISNUMBER(J73),ABS(J73),"") -> 0.31032886 | L73: =IF(ISNUMBER(H73),IF(H73=0,"不适用（参考为0）",J73/H73),"") -> -0.14114337 | M73: =IF(ISNUMBER(L73),ABS(L73),L73) -> 0.14114337 | N73: 完整参考循环
A74: 39 | B74: =IF(COUNTIFS(参考循环数据!$A$7:$A$92,A74)>0,VLOOKUP(A74,参考循环数据!$A$7:$I$92,6,FALSE),"") -> 3.1943243 | C74: =MAX('0.02s时程'!G2472:G2537) -> 2.5326277 | D74: =IF(ISNUMBER(B74),C74-B74,"") -> -0.66169659 | E74: =IF(ISNUMBER(D74),ABS(D74),"") -> 0.66169659 | F74: =IF(ISNUMBER(B74),IF(B74=0,"不适用（参考为0）",D74/B74),"") -> -0.20714759 | G74: =IF(ISNUMBER(F74),ABS(F74),F74) -> 0.20714759 | H74: =IF(COUNTIFS(参考循环数据!$A$7:$A$92,A74)>0,VLOOKUP(A74,参考循环数据!$A$7:$I$92,5,FALSE),"") -> 2.2115549 | I74: =MIN('0.02s时程'!G2472:G2537) -> 1.8982407 | J74: =IF(ISNUMBER(H74),I74-H74,"") -> -0.31331413 | K74: =IF(ISNUMBER(J74),ABS(J74),"") -> 0.31331413 | L74: =IF(ISNUMBER(H74),IF(H74=0,"不适用（参考为0）",J74/H74),"") -> -0.14167143 | M74: =IF(ISNUMBER(L74),ABS(L74),L74) -> 0.14167143 | N74: 完整参考循环
A75: 40 | B75: =IF(COUNTIFS(参考循环数据!$A$7:$A$92,A75)>0,VLOOKUP(A75,参考循环数据!$A$7:$I$92,6,FALSE),"") -> 3.2060951 | C75: =MAX('0.02s时程'!G2537:G2602) -> 2.5419954 | D75: =IF(ISNUMBER(B75),C75-B75,"") -> -0.66409976 | E75: =IF(ISNUMBER(D75),ABS(D75),"") -> 0.66409976 | F75: =IF(ISNUMBER(B75),IF(B75=0,"不适用（参考为0）",D75/B75),"") -> -0.20713664 | G75: =IF(ISNUMBER(F75),ABS(F75),F75) -> 0.20713664 | H75: =IF(COUNTIFS(参考循环数据!$A$7:$A$92,A75)>0,VLOOKUP(A75,参考循环数据!$A$7:$I$92,5,FALSE),"") -> 2.2238965 | I75: =MIN('0.02s时程'!G2537:G2602) -> 1.9078273 | J75: =IF(ISNUMBER(H75),I75-H75,"") -> -0.31606926 | K75: =IF(ISNUMBER(J75),ABS(J75),"") -> 0.31606926 | L75: =IF(ISNUMBER(H75),IF(H75=0,"不适用（参考为0）",J75/H75),"") -> -0.14212409 | M75: =IF(ISNUMBER(L75),ABS(L75),L75) -> 0.14212409 | N75: 完整参考循环
A76: 41 | B76: =IF(COUNTIFS(参考循环数据!$A$7:$A$92,A76)>0,VLOOKUP(A76,参考循环数据!$A$7:$I$92,6,FALSE),"") -> 3.2208167 | C76: =MAX('0.02s时程'!G2602:G2667) -> 2.5510833 | D76: =IF(ISNUMBER(B76),C76-B76,"") -> -0.66973343 | E76: =IF(ISNUMBER(D76),ABS(D76),"") -> 0.66973343 | F76: =IF(ISNUMBER(B76),IF(B76=0,"不适用（参考为0）",D76/B76),"") -> -0.20793901 | G76: =IF(ISNUMBER(F76),ABS(F76),F76) -> 0.20793901 | H76: =IF(COUNTIFS(参考循环数据!$A$7:$A$92,A76)>0,VLOOKUP(A76,参考循环数据!$A$7:$I$92,5,FALSE),"") -> 2.2356302 | I76: =MIN('0.02s时程'!G2602:G2667) -> 1.9171237 | J76: =IF(ISNUMBER(H76),I76-H76,"") -> -0.31850649 | K76: =IF(ISNUMBER(J76),ABS(J76),"") -> 0.31850649 | L76: =IF(ISNUMBER(H76),IF(H76=0,"不适用（参考为0）",J76/H76),"") -> -0.14246832 | M76: =IF(ISNUMBER(L76),ABS(L76),L76) -> 0.14246832 | N76: 完整参考循环
A77: 42 | B77: =IF(COUNTIFS(参考循环数据!$A$7:$A$92,A77)>0,VLOOKUP(A77,参考循环数据!$A$7:$I$92,6,FALSE),"") -> 3.2336567 | C77: =MAX('0.02s时程'!G2667:G2732) -> 2.5599045 | D77: =IF(ISNUMBER(B77),C77-B77,"") -> -0.67375215 | E77: =IF(ISNUMBER(D77),ABS(D77),"") -> 0.67375215 | F77: =IF(ISNUMBER(B77),IF(B77=0,"不适用（参考为0）",D77/B77),"") -> -0.20835612 | G77: =IF(ISNUMBER(F77),ABS(F77),F77) -> 0.20835612 | H77: =IF(COUNTIFS(参考循环数据!$A$7:$A$92,A77)>0,VLOOKUP(A77,参考循环数据!$A$7:$I$92,5,FALSE),"") -> 2.2470338 | I77: =MIN('0.02s时程'!G2667:G2732) -> 1.9261438 | J77: =IF(ISNUMBER(H77),I77-H77,"") -> -0.32088999 | K77: =IF(ISNUMBER(J77),ABS(J77),"") -> 0.32088999 | L77: =IF(ISNUMBER(H77),IF(H77=0,"不适用（参考为0）",J77/H77),"") -> -0.14280604 | M77: =IF(ISNUMBER(L77),ABS(L77),L77) -> 0.14280604 | N77: 完整参考循环
A78: 43 | B78: =IF(COUNTIFS(参考循环数据!$A$7:$A$92,A78)>0,VLOOKUP(A78,参考循环数据!$A$7:$I$92,6,FALSE),"") -> 3.2470532 | C78: =MAX('0.02s时程'!G2732:G2797) -> 2.5684712 | D78: =IF(ISNUMBER(B78),C78-B78,"") -> -0.67858208 | E78: =IF(ISNUMBER(D78),ABS(D78),"") -> 0.67858208 | F78: =IF(ISNUMBER(B78),IF(B78=0,"不适用（参考为0）",D78/B78),"") -> -0.20898397 | G78: =IF(ISNUMBER(F78),ABS(F78),F78) -> 0.20898397 | H78: =IF(COUNTIFS(参考循环数据!$A$7:$A$92,A78)>0,VLOOKUP(A78,参考循环数据!$A$7:$I$92,5,FALSE),"") -> 2.2581731 | I78: =MIN('0.02s时程'!G2732:G2797) -> 1.9349002 | J78: =IF(ISNUMBER(H78),I78-H78,"") -> -0.32327283 | K78: =IF(ISNUMBER(J78),ABS(J78),"") -> 0.32327283 | L78: =IF(ISNUMBER(H78),IF(H78=0,"不适用（参考为0）",J78/H78),"") -> -0.1431568 | M78: =IF(ISNUMBER(L78),ABS(L78),L78) -> 0.1431568 | N78: 完整参考循环
A79: 44 | B79: =IF(COUNTIFS(参考循环数据!$A$7:$A$92,A79)>0,VLOOKUP(A79,参考循环数据!$A$7:$I$92,6,FALSE),"") -> 3.2585617 | C79: =MAX('0.02s时程'!G2797:G2862) -> 2.5767946 | D79: =IF(ISNUMBER(B79),C79-B79,"") -> -0.68176712 | E79: =IF(ISNUMBER(D79),ABS(D79),"") -> 0.68176712 | F79: =IF(ISNUMBER(B79),IF(B79=0,"不适用（参考为0）",D79/B79),"") -> -0.20922333 | G79: =IF(ISNUMBER(F79),ABS(F79),F79) -> 0.20922333 | H79: =IF(COUNTIFS(参考循环数据!$A$7:$A$92,A79)>0,VLOOKUP(A79,参考循环数据!$A$7:$I$92,5,FALSE),"") -> 2.2688415 | I79: =MIN('0.02s时程'!G2797:G2862) -> 1.943405 | J79: =IF(ISNUMBER(H79),I79-H79,"") -> -0.32543642 | K79: =IF(ISNUMBER(J79),ABS(J79),"") -> 0.32543642 | L79: =IF(ISNUMBER(H79),IF(H79=0,"不适用（参考为0）",J79/H79),"") -> -0.14343727 | M79: =IF(ISNUMBER(L79),ABS(L79),L79) -> 0.14343727 | N79: 完整参考循环
A80: 45 | B80: =IF(COUNTIFS(参考循环数据!$A$7:$A$92,A80)>0,VLOOKUP(A80,参考循环数据!$A$7:$I$92,6,FALSE),"") -> 3.2692381 | C80: =MAX('0.02s时程'!G2862:G2927) -> 2.5848856 | D80: =IF(ISNUMBER(B80),C80-B80,"") -> -0.68435255 | E80: =IF(ISNUMBER(D80),ABS(D80),"") -> 0.68435255 | F80: =IF(ISNUMBER(B80),IF(B80=0,"不适用（参考为0）",D80/B80),"") -> -0.2093309 | G80: =IF(ISNUMBER(F80),ABS(F80),F80) -> 0.2093309 | H80: =IF(COUNTIFS(参考循环数据!$A$7:$A$92,A80)>0,VLOOKUP(A80,参考循环数据!$A$7:$I$92,5,FALSE),"") -> 2.2794486 | I80: =MIN('0.02s时程'!G2862:G2927) -> 1.9516694 | J80: =IF(ISNUMBER(H80),I80-H80,"") -> -0.32777923 | K80: =IF(ISNUMBER(J80),ABS(J80),"") -> 0.32777923 | L80: =IF(ISNUMBER(H80),IF(H80=0,"不适用（参考为0）",J80/H80),"") -> -0.14379759 | M80: =IF(ISNUMBER(L80),ABS(L80),L80) -> 0.14379759 | N80: 完整参考循环
A81: 46 | B81: =IF(COUNTIFS(参考循环数据!$A$7:$A$92,A81)>0,VLOOKUP(A81,参考循环数据!$A$7:$I$92,6,FALSE),"") -> 3.2803401 | C81: =MAX('0.02s时程'!G2927:G2992) -> 2.592754 | D81: =IF(ISNUMBER(B81),C81-B81,"") -> -0.68758612 | E81: =IF(ISNUMBER(D81),ABS(D81),"") -> 0.68758612 | F81: =IF(ISNUMBER(B81),IF(B81=0,"不适用（参考为0）",D81/B81),"") -> -0.20960818 | G81: =IF(ISNUMBER(F81),ABS(F81),F81) -> 0.20960818 | H81: =IF(COUNTIFS(参考循环数据!$A$7:$A$92,A81)>0,VLOOKUP(A81,参考循环数据!$A$7:$I$92,5,FALSE),"") -> 2.2896909 | I81: =MIN('0.02s时程'!G2927:G2992) -> 1.9597038 | J81: =IF(ISNUMBER(H81),I81-H81,"") -> -0.32998712 | K81: =IF(ISNUMBER(J81),ABS(J81),"") -> 0.32998712 | L81: =IF(ISNUMBER(H81),IF(H81=0,"不适用（参考为0）",J81/H81),"") -> -0.14411863 | M81: =IF(ISNUMBER(L81),ABS(L81),L81) -> 0.14411863 | N81: 完整参考循环
A82: 47 | B82: =IF(COUNTIFS(参考循环数据!$A$7:$A$92,A82)>0,VLOOKUP(A82,参考循环数据!$A$7:$I$92,6,FALSE),"") -> 3.2903725 | C82: =MAX('0.02s时程'!G2992:G3057) -> 2.6004092 | D82: =IF(ISNUMBER(B82),C82-B82,"") -> -0.68996327 | E82: =IF(ISNUMBER(D82),ABS(D82),"") -> 0.68996327 | F82: =IF(ISNUMBER(B82),IF(B82=0,"不适用（参考为0）",D82/B82),"") -> -0.20969154 | G82: =IF(ISNUMBER(F82),ABS(F82),F82) -> 0.20969154 | H82: =IF(COUNTIFS(参考循环数据!$A$7:$A$92,A82)>0,VLOOKUP(A82,参考循环数据!$A$7:$I$92,5,FALSE),"") -> 2.2998884 | I82: =MIN('0.02s时程'!G2992:G3057) -> 1.9675181 | J82: =IF(ISNUMBER(H82),I82-H82,"") -> -0.33237038 | K82: =IF(ISNUMBER(J82),ABS(J82),"") -> 0.33237038 | L82: =IF(ISNUMBER(H82),IF(H82=0,"不适用（参考为0）",J82/H82),"") -> -0.14451587 | M82: =IF(ISNUMBER(L82),ABS(L82),L82) -> 0.14451587 | N82: 完整参考循环
A83: 48 | B83: =IF(COUNTIFS(参考循环数据!$A$7:$A$92,A83)>0,VLOOKUP(A83,参考循环数据!$A$7:$I$92,6,FALSE),"") -> 3.2996365 | C83: =MAX('0.02s时程'!G3057:G3122) -> 2.6078602 | D83: =IF(ISNUMBER(B83),C83-B83,"") -> -0.69177625 | E83: =IF(ISNUMBER(D83),ABS(D83),"") -> 0.69177625 | F83: =IF(ISNUMBER(B83),IF(B83=0,"不适用（参考为0）",D83/B83),"") -> -0.20965226 | G83: =IF(ISNUMBER(F83),ABS(F83),F83) -> 0.20965226 | H83: =IF(COUNTIFS(参考循环数据!$A$7:$A$92,A83)>0,VLOOKUP(A83,参考循环数据!$A$7:$I$92,5,FALSE),"") -> 2.3091901 | I83: =MIN('0.02s时程'!G3057:G3122) -> 1.9751215 | J83: =IF(ISNUMBER(H83),I83-H83,"") -> -0.33406861 | K83: =IF(ISNUMBER(J83),ABS(J83),"") -> 0.33406861 | L83: =IF(ISNUMBER(H83),IF(H83=0,"不适用（参考为0）",J83/H83),"") -> -0.14466917 | M83: =IF(ISNUMBER(L83),ABS(L83),L83) -> 0.14466917 | N83: 完整参考循环
A84: 49 | B84: =IF(COUNTIFS(参考循环数据!$A$7:$A$92,A84)>0,VLOOKUP(A84,参考循环数据!$A$7:$I$92,6,FALSE),"") -> 3.3085636 | C84: =MAX('0.02s时程'!G3122:G3187) -> 2.6151152 | D84: =IF(ISNUMBER(B84),C84-B84,"") -> -0.69344838 | E84: =IF(ISNUMBER(D84),ABS(D84),"") -> 0.69344838 | F84: =IF(ISNUMBER(B84),IF(B84=0,"不适用（参考为0）",D84/B84),"") -> -0.20959197 | G84: =IF(ISNUMBER(F84),ABS(F84),F84) -> 0.20959197 | H84: =IF(COUNTIFS(参考循环数据!$A$7:$A$92,A84)>0,VLOOKUP(A84,参考循环数据!$A$7:$I$92,5,FALSE),"") -> 2.3183779 | I84: =MIN('0.02s时程'!G3122:G3187) -> 1.9825227 | J84: =IF(ISNUMBER(H84),I84-H84,"") -> -0.3358552 | K84: =IF(ISNUMBER(J84),ABS(J84),"") -> 0.3358552 | L84: =IF(ISNUMBER(H84),IF(H84=0,"不适用（参考为0）",J84/H84),"") -> -0.14486646 | M84: =IF(ISNUMBER(L84),ABS(L84),L84) -> 0.14486646 | N84: 完整参考循环
A85: 50 | B85: =IF(COUNTIFS(参考循环数据!$A$7:$A$92,A85)>0,VLOOKUP(A85,参考循环数据!$A$7:$I$92,6,FALSE),"") -> 3.316654 | C85: =MAX('0.02s时程'!G3187:G3252) -> 2.6221821 | D85: =IF(ISNUMBER(B85),C85-B85,"") -> -0.69447186 | E85: =IF(ISNUMBER(D85),ABS(D85),"") -> 0.69447186 | F85: =IF(ISNUMBER(B85),IF(B85=0,"不适用（参考为0）",D85/B85),"") -> -0.2093893 | G85: =IF(ISNUMBER(F85),ABS(F85),F85) -> 0.2093893 | H85: =IF(COUNTIFS(参考循环数据!$A$7:$A$92,A85)>0,VLOOKUP(A85,参考循环数据!$A$7:$I$92,5,FALSE),"") -> 2.3278754 | I85: =MIN('0.02s时程'!G3187:G3252) -> 1.9897299 | J85: =IF(ISNUMBER(H85),I85-H85,"") -> -0.33814547 | K85: =IF(ISNUMBER(J85),ABS(J85),"") -> 0.33814547 | L85: =IF(ISNUMBER(H85),IF(H85=0,"不适用（参考为0）",J85/H85),"") -> -0.14525926 | M85: =IF(ISNUMBER(L85),ABS(L85),L85) -> 0.14525926 | N85: 完整参考循环
A86: 51 | B86: =IF(COUNTIFS(参考循环数据!$A$7:$A$92,A86)>0,VLOOKUP(A86,参考循环数据!$A$7:$I$92,6,FALSE),"") -> 3.3226706 | C86: =MAX('0.02s时程'!G3252:G3317) -> 2.6290683 | D86: =IF(ISNUMBER(B86),C86-B86,"") -> -0.6936023 | E86: =IF(ISNUMBER(D86),ABS(D86),"") -> 0.6936023 | F86: =IF(ISNUMBER(B86),IF(B86=0,"不适用（参考为0）",D86/B86),"") -> -0.20874844 | G86: =IF(ISNUMBER(F86),ABS(F86),F86) -> 0.20874844 | H86: =IF(COUNTIFS(参考循环数据!$A$7:$A$92,A86)>0,VLOOKUP(A86,参考循环数据!$A$7:$I$92,5,FALSE),"") -> 2.3380308 | I86: =MIN('0.02s时程'!G3252:G3317) -> 1.996751 | J86: =IF(ISNUMBER(H86),I86-H86,"") -> -0.34127982 | K86: =IF(ISNUMBER(J86),ABS(J86),"") -> 0.34127982 | L86: =IF(ISNUMBER(H86),IF(H86=0,"不适用（参考为0）",J86/H86),"") -> -0.14596892 | M86: =IF(ISNUMBER(L86),ABS(L86),L86) -> 0.14596892 | N86: 完整参考循环
A87: 52 | B87: =IF(COUNTIFS(参考循环数据!$A$7:$A$92,A87)>0,VLOOKUP(A87,参考循环数据!$A$7:$I$92,6,FALSE),"") -> 3.3311692 | C87: =MAX('0.02s时程'!G3317:G3382) -> 2.6357808 | D87: =IF(ISNUMBER(B87),C87-B87,"") -> -0.69538838 | E87: =IF(ISNUMBER(D87),ABS(D87),"") -> 0.69538838 | F87: =IF(ISNUMBER(B87),IF(B87=0,"不适用（参考为0）",D87/B87),"") -> -0.20875205 | G87: =IF(ISNUMBER(F87),ABS(F87),F87) -> 0.20875205 | H87: =IF(COUNTIFS(参考循环数据!$A$7:$A$92,A87)>0,VLOOKUP(A87,参考循环数据!$A$7:$I$92,5,FALSE),"") -> 2.3467725 | I87: =MIN('0.02s时程'!G3317:G3382) -> 2.0035931 | J87: =IF(ISNUMBER(H87),I87-H87,"") -> -0.34317939 | K87: =IF(ISNUMBER(J87),ABS(J87),"") -> 0.34317939 | L87: =IF(ISNUMBER(H87),IF(H87=0,"不适用（参考为0）",J87/H87),"") -> -0.14623462 | M87: =IF(ISNUMBER(L87),ABS(L87),L87) -> 0.14623462 | N87: 完整参考循环
A88: 53 | B88: =IF(COUNTIFS(参考循环数据!$A$7:$A$92,A88)>0,VLOOKUP(A88,参考循环数据!$A$7:$I$92,6,FALSE),"") -> 3.3405451 | C88: =MAX('0.02s时程'!G3382:G3447) -> 2.6423262 | D88: =IF(ISNUMBER(B88),C88-B88,"") -> -0.69821888 | E88: =IF(ISNUMBER(D88),ABS(D88),"") -> 0.69821888 | F88: =IF(ISNUMBER(B88),IF(B88=0,"不适用（参考为0）",D88/B88),"") -> -0.20901346 | G88: =IF(ISNUMBER(F88),ABS(F88),F88) -> 0.20901346 | H88: =IF(COUNTIFS(参考循环数据!$A$7:$A$92,A88)>0,VLOOKUP(A88,参考循环数据!$A$7:$I$92,5,FALSE),"") -> 2.3557755 | I88: =MIN('0.02s时程'!G3382:G3447) -> 2.0102632 | J88: =IF(ISNUMBER(H88),I88-H88,"") -> -0.34551229 | K88: =IF(ISNUMBER(J88),ABS(J88),"") -> 0.34551229 | L88: =IF(ISNUMBER(H88),IF(H88=0,"不适用（参考为0）",J88/H88),"") -> -0.14666605 | M88: =IF(ISNUMBER(L88),ABS(L88),L88) -> 0.14666605 | N88: 完整参考循环
A89: 54 | B89: =IF(COUNTIFS(参考循环数据!$A$7:$A$92,A89)>0,VLOOKUP(A89,参考循环数据!$A$7:$I$92,6,FALSE),"") -> 3.3499313 | C89: =MAX('0.02s时程'!G3447:G3512) -> 2.6487108 | D89: =IF(ISNUMBER(B89),C89-B89,"") -> -0.7012205 | E89: =IF(ISNUMBER(D89),ABS(D89),"") -> 0.7012205 | F89: =IF(ISNUMBER(B89),IF(B89=0,"不适用（参考为0）",D89/B89),"") -> -0.20932384 | G89: =IF(ISNUMBER(F89),ABS(F89),F89) -> 0.20932384 | H89: =IF(COUNTIFS(参考循环数据!$A$7:$A$92,A89)>0,VLOOKUP(A89,参考循环数据!$A$7:$I$92,5,FALSE),"") -> 2.365644 | I89: =MIN('0.02s时程'!G3447:G3512) -> 2.0167679 | J89: =IF(ISNUMBER(H89),I89-H89,"") -> -0.34887614 | K89: =IF(ISNUMBER(J89),ABS(J89),"") -> 0.34887614 | L89: =IF(ISNUMBER(H89),IF(H89=0,"不适用（参考为0）",J89/H89),"") -> -0.14747618 | M89: =IF(ISNUMBER(L89),ABS(L89),L89) -> 0.14747618 | N89: 完整参考循环
A90: 55 | B90: =IF(COUNTIFS(参考循环数据!$A$7:$A$92,A90)>0,VLOOKUP(A90,参考循环数据!$A$7:$I$92,6,FALSE),"") -> 3.3592458 | C90: =MAX('0.02s时程'!G3512:G3577) -> 2.6549406 | D90: =IF(ISNUMBER(B90),C90-B90,"") -> -0.70430518 | E90: =IF(ISNUMBER(D90),ABS(D90),"") -> 0.70430518 | F90: =IF(ISNUMBER(B90),IF(B90=0,"不适用（参考为0）",D90/B90),"") -> -0.2096617 | G90: =IF(ISNUMBER(F90),ABS(F90),F90) -> 0.2096617 | H90: =IF(COUNTIFS(参考循环数据!$A$7:$A$92,A90)>0,VLOOKUP(A90,参考循环数据!$A$7:$I$92,5,FALSE),"") -> 2.3756031 | I90: =MIN('0.02s时程'!G3512:G3577) -> 2.0231132 | J90: =IF(ISNUMBER(H90),I90-H90,"") -> -0.35248983 | K90: =IF(ISNUMBER(J90),ABS(J90),"") -> 0.35248983 | L90: =IF(ISNUMBER(H90),IF(H90=0,"不适用（参考为0）",J90/H90),"") -> -0.14837909 | M90: =IF(ISNUMBER(L90),ABS(L90),L90) -> 0.14837909 | N90: 完整参考循环
A91: 56 | B91: =IF(COUNTIFS(参考循环数据!$A$7:$A$92,A91)>0,VLOOKUP(A91,参考循环数据!$A$7:$I$92,6,FALSE),"") -> 3.3688592 | C91: =MAX('0.02s时程'!G3577:G3642) -> 2.6610211 | D91: =IF(ISNUMBER(B91),C91-B91,"") -> -0.70783801 | E91: =IF(ISNUMBER(D91),ABS(D91),"") -> 0.70783801 | F91: =IF(ISNUMBER(B91),IF(B91=0,"不适用（参考为0）",D91/B91),"") -> -0.21011208 | G91: =IF(ISNUMBER(F91),ABS(F91),F91) -> 0.21011208 | H91: =IF(COUNTIFS(参考循环数据!$A$7:$A$92,A91)>0,VLOOKUP(A91,参考循环数据!$A$7:$I$92,5,FALSE),"") -> 2.3849436 | I91: =MIN('0.02s时程'!G3577:G3642) -> 2.0293052 | J91: =IF(ISNUMBER(H91),I91-H91,"") -> -0.35563845 | K91: =IF(ISNUMBER(J91),ABS(J91),"") -> 0.35563845 | L91: =IF(ISNUMBER(H91),IF(H91=0,"不适用（参考为0）",J91/H91),"") -> -0.14911818 | M91: =IF(ISNUMBER(L91),ABS(L91),L91) -> 0.14911818 | N91: 完整参考循环
A92: 57 | B92: =IF(COUNTIFS(参考循环数据!$A$7:$A$92,A92)>0,VLOOKUP(A92,参考循环数据!$A$7:$I$92,6,FALSE),"") -> 3.3812911 | C92: =MAX('0.02s时程'!G3642:G3707) -> 2.6669578 | D92: =IF(ISNUMBER(B92),C92-B92,"") -> -0.71433324 | E92: =IF(ISNUMBER(D92),ABS(D92),"") -> 0.71433324 | F92: =IF(ISNUMBER(B92),IF(B92=0,"不适用（参考为0）",D92/B92),"") -> -0.2112605 | G92: =IF(ISNUMBER(F92),ABS(F92),F92) -> 0.2112605 | H92: =IF(COUNTIFS(参考循环数据!$A$7:$A$92,A92)>0,VLOOKUP(A92,参考循环数据!$A$7:$I$92,5,FALSE),"") -> 2.3952949 | I92: =MIN('0.02s时程'!G3642:G3707) -> 2.0353492 | J92: =IF(ISNUMBER(H92),I92-H92,"") -> -0.35994562 | K92: =IF(ISNUMBER(J92),ABS(J92),"") -> 0.35994562 | L92: =IF(ISNUMBER(H92),IF(H92=0,"不适用（参考为0）",J92/H92),"") -> -0.15027194 | M92: =IF(ISNUMBER(L92),ABS(L92),L92) -> 0.15027194 | N92: 完整参考循环
A93: 58 | B93: =IF(COUNTIFS(参考循环数据!$A$7:$A$92,A93)>0,VLOOKUP(A93,参考循环数据!$A$7:$I$92,6,FALSE),"") -> 3.3897311 | C93: =MAX('0.02s时程'!G3707:G3772) -> 2.6727557 | D93: =IF(ISNUMBER(B93),C93-B93,"") -> -0.71697538 | E93: =IF(ISNUMBER(D93),ABS(D93),"") -> 0.71697538 | F93: =IF(ISNUMBER(B93),IF(B93=0,"不适用（参考为0）",D93/B93),"") -> -0.21151394 | G93: =IF(ISNUMBER(F93),ABS(F93),F93) -> 0.21151394 | H93: =IF(COUNTIFS(参考循环数据!$A$7:$A$92,A93)>0,VLOOKUP(A93,参考循环数据!$A$7:$I$92,5,FALSE),"") -> 2.4077578 | I93: =MIN('0.02s时程'!G3707:G3772) -> 2.0412508 | J93: =IF(ISNUMBER(H93),I93-H93,"") -> -0.36650704 | K93: =IF(ISNUMBER(J93),ABS(J93),"") -> 0.36650704 | L93: =IF(ISNUMBER(H93),IF(H93=0,"不适用（参考为0）",J93/H93),"") -> -0.15221923 | M93: =IF(ISNUMBER(L93),ABS(L93),L93) -> 0.15221923 | N93: 完整参考循环
A94: 59 | B94: =IF(COUNTIFS(参考循环数据!$A$7:$A$92,A94)>0,VLOOKUP(A94,参考循环数据!$A$7:$I$92,6,FALSE),"") -> 3.39974 | C94: =MAX('0.02s时程'!G3772:G3837) -> 2.6784197 | D94: =IF(ISNUMBER(B94),C94-B94,"") -> -0.72132028 | E94: =IF(ISNUMBER(D94),ABS(D94),"") -> 0.72132028 | F94: =IF(ISNUMBER(B94),IF(B94=0,"不适用（参考为0）",D94/B94),"") -> -0.21216925 | G94: =IF(ISNUMBER(F94),ABS(F94),F94) -> 0.21216925 | H94: =IF(COUNTIFS(参考循环数据!$A$7:$A$92,A94)>0,VLOOKUP(A94,参考循环数据!$A$7:$I$92,5,FALSE),"") -> 2.419 | I94: =MIN('0.02s时程'!G3772:G3837) -> 2.0470147 | J94: =IF(ISNUMBER(H94),I94-H94,"") -> -0.37198527 | K94: =IF(ISNUMBER(J94),ABS(J94),"") -> 0.37198527 | L94: =IF(ISNUMBER(H94),IF(H94=0,"不适用（参考为0）",J94/H94),"") -> -0.15377647 | M94: =IF(ISNUMBER(L94),ABS(L94),L94) -> 0.15377647 | N94: 完整参考循环
A95: 60 | B95: =IF(COUNTIFS(参考循环数据!$A$7:$A$92,A95)>0,VLOOKUP(A95,参考循环数据!$A$7:$I$92,6,FALSE),"") -> 3.4110346 | C95: =MAX('0.02s时程'!G3837:G3902) -> 2.6839543 | D95: =IF(ISNUMBER(B95),C95-B95,"") -> -0.72708028 | E95: =IF(ISNUMBER(D95),ABS(D95),"") -> 0.72708028 | F95: =IF(ISNUMBER(B95),IF(B95=0,"不适用（参考为0）",D95/B95),"") -> -0.21315535 | G95: =IF(ISNUMBER(F95),ABS(F95),F95) -> 0.21315535 | H95: =IF(COUNTIFS(参考循环数据!$A$7:$A$92,A95)>0,VLOOKUP(A95,参考循环数据!$A$7:$I$92,5,FALSE),"") -> 2.4297584 | I95: =MIN('0.02s时程'!G3837:G3902) -> 2.052646 | J95: =IF(ISNUMBER(H95),I95-H95,"") -> -0.37711248 | K95: =IF(ISNUMBER(J95),ABS(J95),"") -> 0.37711248 | L95: =IF(ISNUMBER(H95),IF(H95=0,"不适用（参考为0）",J95/H95),"") -> -0.15520575 | M95: =IF(ISNUMBER(L95),ABS(L95),L95) -> 0.15520575 | N95: 完整参考循环
A96: 61 | B96: =IF(COUNTIFS(参考循环数据!$A$7:$A$92,A96)>0,VLOOKUP(A96,参考循环数据!$A$7:$I$92,6,FALSE),"") -> 3.4254087 | C96: =MAX('0.02s时程'!G3902:G3967) -> 2.689364 | D96: =IF(ISNUMBER(B96),C96-B96,"") -> -0.73604469 | E96: =IF(ISNUMBER(D96),ABS(D96),"") -> 0.73604469 | F96: =IF(ISNUMBER(B96),IF(B96=0,"不适用（参考为0）",D96/B96),"") -> -0.21487792 | G96: =IF(ISNUMBER(F96),ABS(F96),F96) -> 0.21487792 | H96: =IF(COUNTIFS(参考循环数据!$A$7:$A$92,A96)>0,VLOOKUP(A96,参考循环数据!$A$7:$I$92,5,FALSE),"") -> 2.4402431 | I96: =MIN('0.02s时程'!G3902:G3967) -> 2.058149 | J96: =IF(ISNUMBER(H96),I96-H96,"") -> -0.38209411 | K96: =IF(ISNUMBER(J96),ABS(J96),"") -> 0.38209411 | L96: =IF(ISNUMBER(H96),IF(H96=0,"不适用（参考为0）",J96/H96),"") -> -0.15658035 | M96: =IF(ISNUMBER(L96),ABS(L96),L96) -> 0.15658035 | N96: 完整参考循环
A97: 62 | B97: =IF(COUNTIFS(参考循环数据!$A$7:$A$92,A97)>0,VLOOKUP(A97,参考循环数据!$A$7:$I$92,6,FALSE),"") -> 3.4399161 | C97: =MAX('0.02s时程'!G3967:G4032) -> 2.694653 | D97: =IF(ISNUMBER(B97),C97-B97,"") -> -0.7452631 | E97: =IF(ISNUMBER(D97),ABS(D97),"") -> 0.7452631 | F97: =IF(ISNUMBER(B97),IF(B97=0,"不适用（参考为0）",D97/B97),"") -> -0.21665153 | G97: =IF(ISNUMBER(F97),ABS(F97),F97) -> 0.21665153 | H97: =IF(COUNTIFS(参考循环数据!$A$7:$A$92,A97)>0,VLOOKUP(A97,参考循环数据!$A$7:$I$92,5,FALSE),"") -> 2.4510534 | I97: =MIN('0.02s时程'!G3967:G4032) -> 2.0635281 | J97: =IF(ISNUMBER(H97),I97-H97,"") -> -0.38752529 | K97: =IF(ISNUMBER(J97),ABS(J97),"") -> 0.38752529 | L97: =IF(ISNUMBER(H97),IF(H97=0,"不适用（参考为0）",J97/H97),"") -> -0.15810561 | M97: =IF(ISNUMBER(L97),ABS(L97),L97) -> 0.15810561 | N97: 完整参考循环
A98: 63 | B98: =IF(COUNTIFS(参考循环数据!$A$7:$A$92,A98)>0,VLOOKUP(A98,参考循环数据!$A$7:$I$92,6,FALSE),"") -> 3.4515881 | C98: =MAX('0.02s时程'!G4032:G4097) -> 2.6998251 | D98: =IF(ISNUMBER(B98),C98-B98,"") -> -0.75176297 | E98: =IF(ISNUMBER(D98),ABS(D98),"") -> 0.75176297 | F98: =IF(ISNUMBER(B98),IF(B98=0,"不适用（参考为0）",D98/B98),"") -> -0.21780205 | G98: =IF(ISNUMBER(F98),ABS(F98),F98) -> 0.21780205 | H98: =IF(COUNTIFS(参考循环数据!$A$7:$A$92,A98)>0,VLOOKUP(A98,参考循环数据!$A$7:$I$92,5,FALSE),"") -> 2.4612083 | I98: =MIN('0.02s时程'!G4032:G4097) -> 2.0687875 | J98: =IF(ISNUMBER(H98),I98-H98,"") -> -0.39242085 | K98: =IF(ISNUMBER(J98),ABS(J98),"") -> 0.39242085 | L98: =IF(ISNUMBER(H98),IF(H98=0,"不适用（参考为0）",J98/H98),"") -> -0.15944236 | M98: =IF(ISNUMBER(L98),ABS(L98),L98) -> 0.15944236 | N98: 完整参考循环
A99: 64 | B99: =IF(COUNTIFS(参考循环数据!$A$7:$A$92,A99)>0,VLOOKUP(A99,参考循环数据!$A$7:$I$92,6,FALSE),"") -> 3.4661467 | C99: =MAX('0.02s时程'!G4097:G4162) -> 2.7048843 | D99: =IF(ISNUMBER(B99),C99-B99,"") -> -0.7612624 | E99: =IF(ISNUMBER(D99),ABS(D99),"") -> 0.7612624 | F99: =IF(ISNUMBER(B99),IF(B99=0,"不适用（参考为0）",D99/B99),"") -> -0.21962786 | G99: =IF(ISNUMBER(F99),ABS(F99),F99) -> 0.21962786 | H99: =IF(COUNTIFS(参考循环数据!$A$7:$A$92,A99)>0,VLOOKUP(A99,参考循环数据!$A$7:$I$92,5,FALSE),"") -> 2.4710187 | I99: =MIN('0.02s时程'!G4097:G4162) -> 2.073931 | J99: =IF(ISNUMBER(H99),I99-H99,"") -> -0.39708763 | K99: =IF(ISNUMBER(J99),ABS(J99),"") -> 0.39708763 | L99: =IF(ISNUMBER(H99),IF(H99=0,"不适用（参考为0）",J99/H99),"") -> -0.16069795 | M99: =IF(ISNUMBER(L99),ABS(L99),L99) -> 0.16069795 | N99: 完整参考循环
A100: 65 | B100: =IF(COUNTIFS(参考循环数据!$A$7:$A$92,A100)>0,VLOOKUP(A100,参考循环数据!$A$7:$I$92,6,FALSE),"") -> 3.4784984 | C100: =MAX('0.02s时程'!G4162:G4227) -> 2.7098342 | D100: =IF(ISNUMBER(B100),C100-B100,"") -> -0.76866414 | E100: =IF(ISNUMBER(D100),ABS(D100),"") -> 0.76866414 | F100: =IF(ISNUMBER(B100),IF(B100=0,"不适用（参考为0）",D100/B100),"") -> -0.22097585 | G100: =IF(ISNUMBER(F100),ABS(F100),F100) -> 0.22097585 | H100: =IF(COUNTIFS(参考循环数据!$A$7:$A$92,A100)>0,VLOOKUP(A100,参考循环数据!$A$7:$I$92,5,FALSE),"") -> 2.4803363 | I100: =MIN('0.02s时程'!G4162:G4227) -> 2.0789626 | J100: =IF(ISNUMBER(H100),I100-H100,"") -> -0.40137372 | K100: =IF(ISNUMBER(J100),ABS(J100),"") -> 0.40137372 | L100: =IF(ISNUMBER(H100),IF(H100=0,"不适用（参考为0）",J100/H100),"") -> -0.1618223 | M100: =IF(ISNUMBER(L100),ABS(L100),L100) -> 0.1618223 | N100: 完整参考循环
A101: 66 | B101: =IF(COUNTIFS(参考循环数据!$A$7:$A$92,A101)>0,VLOOKUP(A101,参考循环数据!$A$7:$I$92,6,FALSE),"") -> 3.4930065 | C101: =MAX('0.02s时程'!G4227:G4292) -> 2.7146782 | D101: =IF(ISNUMBER(B101),C101-B101,"") -> -0.77832831 | E101: =IF(ISNUMBER(D101),ABS(D101),"") -> 0.77832831 | F101: =IF(ISNUMBER(B101),IF(B101=0,"不适用（参考为0）",D101/B101),"") -> -0.22282475 | G101: =IF(ISNUMBER(F101),ABS(F101),F101) -> 0.22282475 | H101: =IF(COUNTIFS(参考循环数据!$A$7:$A$92,A101)>0,VLOOKUP(A101,参考循环数据!$A$7:$I$92,5,FALSE),"") -> 2.4905685 | I101: =MIN('0.02s时程'!G4227:G4292) -> 2.0838857 | J101: =IF(ISNUMBER(H101),I101-H101,"") -> -0.40668282 | K101: =IF(ISNUMBER(J101),ABS(J101),"") -> 0.40668282 | L101: =IF(ISNUMBER(H101),IF(H101=0,"不适用（参考为0）",J101/H101),"") -> -0.16328915 | M101: =IF(ISNUMBER(L101),ABS(L101),L101) -> 0.16328915 | N101: 完整参考循环
A102: 67 | B102: =IF(COUNTIFS(参考循环数据!$A$7:$A$92,A102)>0,VLOOKUP(A102,参考循环数据!$A$7:$I$92,6,FALSE),"") -> 3.5038148 | C102: =MAX('0.02s时程'!G4292:G4357) -> 2.7194197 | D102: =IF(ISNUMBER(B102),C102-B102,"") -> -0.78439507 | E102: =IF(ISNUMBER(D102),ABS(D102),"") -> 0.78439507 | F102: =IF(ISNUMBER(B102),IF(B102=0,"不适用（参考为0）",D102/B102),"") -> -0.22386887 | G102: =IF(ISNUMBER(F102),ABS(F102),F102) -> 0.22386887 | H102: =IF(COUNTIFS(参考循环数据!$A$7:$A$92,A102)>0,VLOOKUP(A102,参考循环数据!$A$7:$I$92,5,FALSE),"") -> 2.500408 | I102: =MIN('0.02s时程'!G4292:G4357) -> 2.0887037 | J102: =IF(ISNUMBER(H102),I102-H102,"") -> -0.41170423 | K102: =IF(ISNUMBER(J102),ABS(J102),"") -> 0.41170423 | L102: =IF(ISNUMBER(H102),IF(H102=0,"不适用（参考为0）",J102/H102),"") -> -0.16465482 | M102: =IF(ISNUMBER(L102),ABS(L102),L102) -> 0.16465482 | N102: 完整参考循环
A103: 68 | B103: =IF(COUNTIFS(参考循环数据!$A$7:$A$92,A103)>0,VLOOKUP(A103,参考循环数据!$A$7:$I$92,6,FALSE),"") -> 3.5142599 | C103: =MAX('0.02s时程'!G4357:G4422) -> 2.7240619 | D103: =IF(ISNUMBER(B103),C103-B103,"") -> -0.79019809 | E103: =IF(ISNUMBER(D103),ABS(D103),"") -> 0.79019809 | F103: =IF(ISNUMBER(B103),IF(B103=0,"不适用（参考为0）",D103/B103),"") -> -0.22485476 | G103: =IF(ISNUMBER(F103),ABS(F103),F103) -> 0.22485476 | H103: =IF(COUNTIFS(参考循环数据!$A$7:$A$92,A103)>0,VLOOKUP(A103,参考循环数据!$A$7:$I$92,5,FALSE),"") -> 2.5114777 | I103: =MIN('0.02s时程'!G4357:G4422) -> 2.0934201 | J103: =IF(ISNUMBER(H103),I103-H103,"") -> -0.41805762 | K103: =IF(ISNUMBER(J103),ABS(J103),"") -> 0.41805762 | L103: =IF(ISNUMBER(H103),IF(H103=0,"不适用（参考为0）",J103/H103),"") -> -0.16645882 | M103: =IF(ISNUMBER(L103),ABS(L103),L103) -> 0.16645882 | N103: 完整参考循环
A104: 69 | B104: =IF(COUNTIFS(参考循环数据!$A$7:$A$92,A104)>0,VLOOKUP(A104,参考循环数据!$A$7:$I$92,6,FALSE),"") -> 3.5231511 | C104: =MAX('0.02s时程'!G4422:G4487) -> 2.7286077 | D104: =IF(ISNUMBER(B104),C104-B104,"") -> -0.79454341 | E104: =IF(ISNUMBER(D104),ABS(D104),"") -> 0.79454341 | F104: =IF(ISNUMBER(B104),IF(B104=0,"不适用（参考为0）",D104/B104),"") -> -0.22552067 | G104: =IF(ISNUMBER(F104),ABS(F104),F104) -> 0.22552067 | H104: =IF(COUNTIFS(参考循环数据!$A$7:$A$92,A104)>0,VLOOKUP(A104,参考循环数据!$A$7:$I$92,5,FALSE),"") -> 2.521275 | I104: =MIN('0.02s时程'!G4422:G4487) -> 2.0980379 | J104: =IF(ISNUMBER(H104),I104-H104,"") -> -0.42323708 | K104: =IF(ISNUMBER(J104),ABS(J104),"") -> 0.42323708 | L104: =IF(ISNUMBER(H104),IF(H104=0,"不适用（参考为0）",J104/H104),"") -> -0.16786629 | M104: =IF(ISNUMBER(L104),ABS(L104),L104) -> 0.16786629 | N104: 完整参考循环
A105: 70 | B105: =IF(COUNTIFS(参考循环数据!$A$7:$A$92,A105)>0,VLOOKUP(A105,参考循环数据!$A$7:$I$92,6,FALSE),"") -> 3.5332907 | C105: =MAX('0.02s时程'!G4487:G4552) -> 2.7330601 | D105: =IF(ISNUMBER(B105),C105-B105,"") -> -0.80023059 | E105: =IF(ISNUMBER(D105),ABS(D105),"") -> 0.80023059 | F105: =IF(ISNUMBER(B105),IF(B105=0,"不适用（参考为0）",D105/B105),"") -> -0.22648309 | G105: =IF(ISNUMBER(F105),ABS(F105),F105) -> 0.22648309 | H105: =IF(COUNTIFS(参考循环数据!$A$7:$A$92,A105)>0,VLOOKUP(A105,参考循环数据!$A$7:$I$92,5,FALSE),"") -> 2.530964 | I105: =MIN('0.02s时程'!G4487:G4552) -> 2.1025601 | J105: =IF(ISNUMBER(H105),I105-H105,"") -> -0.42840387 | K105: =IF(ISNUMBER(J105),ABS(J105),"") -> 0.42840387 | L105: =IF(ISNUMBER(H105),IF(H105=0,"不适用（参考为0）",J105/H105),"") -> -0.1692651 | M105: =IF(ISNUMBER(L105),ABS(L105),L105) -> 0.1692651 | N105: 完整参考循环
A106: 71 | B106: =IF(COUNTIFS(参考循环数据!$A$7:$A$92,A106)>0,VLOOKUP(A106,参考循环数据!$A$7:$I$92,6,FALSE),"") -> 3.5419705 | C106: =MAX('0.02s时程'!G4552:G4617) -> 2.737422 | D106: =IF(ISNUMBER(B106),C106-B106,"") -> -0.80454847 | E106: =IF(ISNUMBER(D106),ABS(D106),"") -> 0.80454847 | F106: =IF(ISNUMBER(B106),IF(B106=0,"不适用（参考为0）",D106/B106),"") -> -0.22714714 | G106: =IF(ISNUMBER(F106),ABS(F106),F106) -> 0.22714714 | H106: =IF(COUNTIFS(参考循环数据!$A$7:$A$92,A106)>0,VLOOKUP(A106,参考循环数据!$A$7:$I$92,5,FALSE),"") -> 2.5407891 | I106: =MIN('0.02s时程'!G4552:G4617) -> 2.1069896 | J106: =IF(ISNUMBER(H106),I106-H106,"") -> -0.43379945 | K106: =IF(ISNUMBER(J106),ABS(J106),"") -> 0.43379945 | L106: =IF(ISNUMBER(H106),IF(H106=0,"不适用（参考为0）",J106/H106),"") -> -0.17073414 | M106: =IF(ISNUMBER(L106),ABS(L106),L106) -> 0.17073414 | N106: 完整参考循环
A107: 72 | B107: =IF(COUNTIFS(参考循环数据!$A$7:$A$92,A107)>0,VLOOKUP(A107,参考循环数据!$A$7:$I$92,6,FALSE),"") -> 3.5511578 | C107: =MAX('0.02s时程'!G4617:G4682) -> 2.7416959 | D107: =IF(ISNUMBER(B107),C107-B107,"") -> -0.80946185 | E107: =IF(ISNUMBER(D107),ABS(D107),"") -> 0.80946185 | F107: =IF(ISNUMBER(B107),IF(B107=0,"不适用（参考为0）",D107/B107),"") -> -0.22794308 | G107: =IF(ISNUMBER(F107),ABS(F107),F107) -> 0.22794308 | H107: =IF(COUNTIFS(参考循环数据!$A$7:$A$92,A107)>0,VLOOKUP(A107,参考循环数据!$A$7:$I$92,5,FALSE),"") -> 2.5507364 | I107: =MIN('0.02s时程'!G4617:G4682) -> 2.1113293 | J107: =IF(ISNUMBER(H107),I107-H107,"") -> -0.43940718 | K107: =IF(ISNUMBER(J107),ABS(J107),"") -> 0.43940718 | L107: =IF(ISNUMBER(H107),IF(H107=0,"不适用（参考为0）",J107/H107),"") -> -0.17226679 | M107: =IF(ISNUMBER(L107),ABS(L107),L107) -> 0.17226679 | N107: 完整参考循环
A108: 73 | B108: =IF(COUNTIFS(参考循环数据!$A$7:$A$92,A108)>0,VLOOKUP(A108,参考循环数据!$A$7:$I$92,6,FALSE),"") -> 3.5637432 | C108: =MAX('0.02s时程'!G4682:G4747) -> 2.7458845 | D108: =IF(ISNUMBER(B108),C108-B108,"") -> -0.81785871 | E108: =IF(ISNUMBER(D108),ABS(D108),"") -> 0.81785871 | F108: =IF(ISNUMBER(B108),IF(B108=0,"不适用（参考为0）",D108/B108),"") -> -0.22949429 | G108: =IF(ISNUMBER(F108),ABS(F108),F108) -> 0.22949429 | H108: =IF(COUNTIFS(参考循环数据!$A$7:$A$92,A108)>0,VLOOKUP(A108,参考循环数据!$A$7:$I$92,5,FALSE),"") -> 2.560264 | I108: =MIN('0.02s时程'!G4682:G4747) -> 2.1155816 | J108: =IF(ISNUMBER(H108),I108-H108,"") -> -0.44468236 | K108: =IF(ISNUMBER(J108),ABS(J108),"") -> 0.44468236 | L108: =IF(ISNUMBER(H108),IF(H108=0,"不适用（参考为0）",J108/H108),"") -> -0.17368614 | M108: =IF(ISNUMBER(L108),ABS(L108),L108) -> 0.17368614 | N108: 完整参考循环
A109: 74 | B109: =IF(COUNTIFS(参考循环数据!$A$7:$A$92,A109)>0,VLOOKUP(A109,参考循环数据!$A$7:$I$92,6,FALSE),"") -> 3.575664 | C109: =MAX('0.02s时程'!G4747:G4812) -> 2.7499903 | D109: =IF(ISNUMBER(B109),C109-B109,"") -> -0.8256737 | E109: =IF(ISNUMBER(D109),ABS(D109),"") -> 0.8256737 | F109: =IF(ISNUMBER(B109),IF(B109=0,"不适用（参考为0）",D109/B109),"") -> -0.23091479 | G109: =IF(ISNUMBER(F109),ABS(F109),F109) -> 0.23091479 | H109: =IF(COUNTIFS(参考循环数据!$A$7:$A$92,A109)>0,VLOOKUP(A109,参考循环数据!$A$7:$I$92,5,FALSE),"") -> 2.5700536 | I109: =MIN('0.02s时程'!G4747:G4812) -> 2.1197493 | J109: =IF(ISNUMBER(H109),I109-H109,"") -> -0.45030426 | K109: =IF(ISNUMBER(J109),ABS(J109),"") -> 0.45030426 | L109: =IF(ISNUMBER(H109),IF(H109=0,"不适用（参考为0）",J109/H109),"") -> -0.17521201 | M109: =IF(ISNUMBER(L109),ABS(L109),L109) -> 0.17521201 | N109: 完整参考循环
A110: 75 | B110: =IF(COUNTIFS(参考循环数据!$A$7:$A$92,A110)>0,VLOOKUP(A110,参考循环数据!$A$7:$I$92,6,FALSE),"") -> 3.5888211 | C110: =MAX('0.02s时程'!G4812:G4877) -> 2.7540155 | D110: =IF(ISNUMBER(B110),C110-B110,"") -> -0.83480559 | E110: =IF(ISNUMBER(D110),ABS(D110),"") -> 0.83480559 | F110: =IF(ISNUMBER(B110),IF(B110=0,"不适用（参考为0）",D110/B110),"") -> -0.23261276 | G110: =IF(ISNUMBER(F110),ABS(F110),F110) -> 0.23261276 | H110: =IF(COUNTIFS(参考循环数据!$A$7:$A$92,A110)>0,VLOOKUP(A110,参考循环数据!$A$7:$I$92,5,FALSE),"") -> 2.5799476 | I110: =MIN('0.02s时程'!G4812:G4877) -> 2.1238347 | J110: =IF(ISNUMBER(H110),I110-H110,"") -> -0.45611294 | K110: =IF(ISNUMBER(J110),ABS(J110),"") -> 0.45611294 | L110: =IF(ISNUMBER(H110),IF(H110=0,"不适用（参考为0）",J110/H110),"") -> -0.17679155 | M110: =IF(ISNUMBER(L110),ABS(L110),L110) -> 0.17679155 | N110: 完整参考循环
A111: 76 | B111: =IF(COUNTIFS(参考循环数据!$A$7:$A$92,A111)>0,VLOOKUP(A111,参考循环数据!$A$7:$I$92,6,FALSE),"") -> 3.6022968 | C111: =MAX('0.02s时程'!G4877:G4942) -> 2.7579626 | D111: =IF(ISNUMBER(B111),C111-B111,"") -> -0.84433419 | E111: =IF(ISNUMBER(D111),ABS(D111),"") -> 0.84433419 | F111: =IF(ISNUMBER(B111),IF(B111=0,"不适用（参考为0）",D111/B111),"") -> -0.23438774 | G111: =IF(ISNUMBER(F111),ABS(F111),F111) -> 0.23438774 | H111: =IF(COUNTIFS(参考循环数据!$A$7:$A$92,A111)>0,VLOOKUP(A111,参考循环数据!$A$7:$I$92,5,FALSE),"") -> 2.5903092 | I111: =MIN('0.02s时程'!G4877:G4942) -> 2.1278402 | J111: =IF(ISNUMBER(H111),I111-H111,"") -> -0.46246899 | K111: =IF(ISNUMBER(J111),ABS(J111),"") -> 0.46246899 | L111: =IF(ISNUMBER(H111),IF(H111=0,"不适用（参考为0）",J111/H111),"") -> -0.17853814 | M111: =IF(ISNUMBER(L111),ABS(L111),L111) -> 0.17853814 | N111: 完整参考循环
A112: 77 | B112: =IF(COUNTIFS(参考循环数据!$A$7:$A$92,A112)>0,VLOOKUP(A112,参考循环数据!$A$7:$I$92,6,FALSE),"") -> 3.6126188 | C112: =MAX('0.02s时程'!G4942:G5007) -> 2.7618336 | D112: =IF(ISNUMBER(B112),C112-B112,"") -> -0.85078516 | E112: =IF(ISNUMBER(D112),ABS(D112),"") -> 0.85078516 | F112: =IF(ISNUMBER(B112),IF(B112=0,"不适用（参考为0）",D112/B112),"") -> -0.23550372 | G112: =IF(ISNUMBER(F112),ABS(F112),F112) -> 0.23550372 | H112: =IF(COUNTIFS(参考循环数据!$A$7:$A$92,A112)>0,VLOOKUP(A112,参考循环数据!$A$7:$I$92,5,FALSE),"") -> 2.6013691 | I112: =MIN('0.02s时程'!G4942:G5007) -> 2.131768 | J112: =IF(ISNUMBER(H112),I112-H112,"") -> -0.46960109 | K112: =IF(ISNUMBER(J112),ABS(J112),"") -> 0.46960109 | L112: =IF(ISNUMBER(H112),IF(H112=0,"不适用（参考为0）",J112/H112),"") -> -0.18052074 | M112: =IF(ISNUMBER(L112),ABS(L112),L112) -> 0.18052074 | N112: 完整参考循环
A113: 78 | B113: =IF(COUNTIFS(参考循环数据!$A$7:$A$92,A113)>0,VLOOKUP(A113,参考循环数据!$A$7:$I$92,6,FALSE),"") -> 3.6253047 | C113: =MAX('0.02s时程'!G5007:G5072) -> 2.7656307 | D113: =IF(ISNUMBER(B113),C113-B113,"") -> -0.85967396 | E113: =IF(ISNUMBER(D113),ABS(D113),"") -> 0.85967396 | F113: =IF(ISNUMBER(B113),IF(B113=0,"不适用（参考为0）",D113/B113),"") -> -0.23713151 | G113: =IF(ISNUMBER(F113),ABS(F113),F113) -> 0.23713151 | H113: =IF(COUNTIFS(参考循环数据!$A$7:$A$92,A113)>0,VLOOKUP(A113,参考循环数据!$A$7:$I$92,5,FALSE),"") -> 2.6121652 | I113: =MIN('0.02s时程'!G5007:G5072) -> 2.1356204 | J113: =IF(ISNUMBER(H113),I113-H113,"") -> -0.47654478 | K113: =IF(ISNUMBER(J113),ABS(J113),"") -> 0.47654478 | L113: =IF(ISNUMBER(H113),IF(H113=0,"不适用（参考为0）",J113/H113),"") -> -0.18243287 | M113: =IF(ISNUMBER(L113),ABS(L113),L113) -> 0.18243287 | N113: 完整参考循环
A114: 79 | B114: =IF(COUNTIFS(参考循环数据!$A$7:$A$92,A114)>0,VLOOKUP(A114,参考循环数据!$A$7:$I$92,6,FALSE),"") -> 3.6340323 | C114: =MAX('0.02s时程'!G5072:G5137) -> 2.769356 | D114: =IF(ISNUMBER(B114),C114-B114,"") -> -0.86467632 | E114: =IF(ISNUMBER(D114),ABS(D114),"") -> 0.86467632 | F114: =IF(ISNUMBER(B114),IF(B114=0,"不适用（参考为0）",D114/B114),"") -> -0.23793854 | G114: =IF(ISNUMBER(F114),ABS(F114),F114) -> 0.23793854 | H114: =IF(COUNTIFS(参考循环数据!$A$7:$A$92,A114)>0,VLOOKUP(A114,参考循环数据!$A$7:$I$92,5,FALSE),"") -> 2.623346 | I114: =MIN('0.02s时程'!G5072:G5137) -> 2.1393993 | J114: =IF(ISNUMBER(H114),I114-H114,"") -> -0.48394661 | K114: =IF(ISNUMBER(J114),ABS(J114),"") -> 0.48394661 | L114: =IF(ISNUMBER(H114),IF(H114=0,"不适用（参考为0）",J114/H114),"") -> -0.18447686 | M114: =IF(ISNUMBER(L114),ABS(L114),L114) -> 0.18447686 | N114: 完整参考循环
A115: 80 | B115: =IF(COUNTIFS(参考循环数据!$A$7:$A$92,A115)>0,VLOOKUP(A115,参考循环数据!$A$7:$I$92,6,FALSE),"") -> 3.6470128 | C115: =MAX('0.02s时程'!G5137:G5202) -> 2.7730113 | D115: =IF(ISNUMBER(B115),C115-B115,"") -> -0.87400148 | E115: =IF(ISNUMBER(D115),ABS(D115),"") -> 0.87400148 | F115: =IF(ISNUMBER(B115),IF(B115=0,"不适用（参考为0）",D115/B115),"") -> -0.23964859 | G115: =IF(ISNUMBER(F115),ABS(F115),F115) -> 0.23964859 | H115: =IF(COUNTIFS(参考循环数据!$A$7:$A$92,A115)>0,VLOOKUP(A115,参考循环数据!$A$7:$I$92,5,FALSE),"") -> 2.6333238 | I115: =MIN('0.02s时程'!G5137:G5202) -> 2.1431069 | J115: =IF(ISNUMBER(H115),I115-H115,"") -> -0.49021691 | K115: =IF(ISNUMBER(J115),ABS(J115),"") -> 0.49021691 | L115: =IF(ISNUMBER(H115),IF(H115=0,"不适用（参考为0）",J115/H115),"") -> -0.18615899 | M115: =IF(ISNUMBER(L115),ABS(L115),L115) -> 0.18615899 | N115: 完整参考循环
A116: 81 | B116: =IF(COUNTIFS(参考循环数据!$A$7:$A$92,A116)>0,VLOOKUP(A116,参考循环数据!$A$7:$I$92,6,FALSE),"") -> 3.6587071 | C116: =MAX('0.02s时程'!G5202:G5267) -> 2.7765986 | D116: =IF(ISNUMBER(B116),C116-B116,"") -> -0.88210858 | E116: =IF(ISNUMBER(D116),ABS(D116),"") -> 0.88210858 | F116: =IF(ISNUMBER(B116),IF(B116=0,"不适用（参考为0）",D116/B116),"") -> -0.24109844 | G116: =IF(ISNUMBER(F116),ABS(F116),F116) -> 0.24109844 | H116: =IF(COUNTIFS(参考循环数据!$A$7:$A$92,A116)>0,VLOOKUP(A116,参考循环数据!$A$7:$I$92,5,FALSE),"") -> 2.6432161 | I116: =MIN('0.02s时程'!G5202:G5267) -> 2.1467451 | J116: =IF(ISNUMBER(H116),I116-H116,"") -> -0.49647105 | K116: =IF(ISNUMBER(J116),ABS(J116),"") -> 0.49647105 | L116: =IF(ISNUMBER(H116),IF(H116=0,"不适用（参考为0）",J116/H116),"") -> -0.1878284 | M116: =IF(ISNUMBER(L116),ABS(L116),L116) -> 0.1878284 | N116: 完整参考循环
A117: 82 | B117: =IF(COUNTIFS(参考循环数据!$A$7:$A$92,A117)>0,VLOOKUP(A117,参考循环数据!$A$7:$I$92,6,FALSE),"") -> 3.6733153 | C117: =MAX('0.02s时程'!G5267:G5332) -> 2.7801196 | D117: =IF(ISNUMBER(B117),C117-B117,"") -> -0.89319572 | E117: =IF(ISNUMBER(D117),ABS(D117),"") -> 0.89319572 | F117: =IF(ISNUMBER(B117),IF(B117=0,"不适用（参考为0）",D117/B117),"") -> -0.24315792 | G117: =IF(ISNUMBER(F117),ABS(F117),F117) -> 0.24315792 | H117: =IF(COUNTIFS(参考循环数据!$A$7:$A$92,A117)>0,VLOOKUP(A117,参考循环数据!$A$7:$I$92,5,FALSE),"") -> 2.6534427 | I117: =MIN('0.02s时程'!G5267:G5332) -> 2.1503156 | J117: =IF(ISNUMBER(H117),I117-H117,"") -> -0.50312704 | K117: =IF(ISNUMBER(J117),ABS(J117),"") -> 0.50312704 | L117: =IF(ISNUMBER(H117),IF(H117=0,"不适用（参考为0）",J117/H117),"") -> -0.18961293 | M117: =IF(ISNUMBER(L117),ABS(L117),L117) -> 0.18961293 | N117: 完整参考循环
A118: 83 | B118: =IF(COUNTIFS(参考循环数据!$A$7:$A$92,A118)>0,VLOOKUP(A118,参考循环数据!$A$7:$I$92,6,FALSE),"") -> 3.6888044 | C118: =MAX('0.02s时程'!G5332:G5397) -> 2.7835762 | D118: =IF(ISNUMBER(B118),C118-B118,"") -> -0.9052282 | E118: =IF(ISNUMBER(D118),ABS(D118),"") -> 0.9052282 | F118: =IF(ISNUMBER(B118),IF(B118=0,"不适用（参考为0）",D118/B118),"") -> -0.24539881 | G118: =IF(ISNUMBER(F118),ABS(F118),F118) -> 0.24539881 | H118: =IF(COUNTIFS(参考循环数据!$A$7:$A$92,A118)>0,VLOOKUP(A118,参考循环数据!$A$7:$I$92,5,FALSE),"") -> 2.6646427 | I118: =MIN('0.02s时程'!G5332:G5397) -> 2.1538204 | J118: =IF(ISNUMBER(H118),I118-H118,"") -> -0.51082235 | K118: =IF(ISNUMBER(J118),ABS(J118),"") -> 0.51082235 | L118: =IF(ISNUMBER(H118),IF(H118=0,"不适用（参考为0）",J118/H118),"") -> -0.19170388 | M118: =IF(ISNUMBER(L118),ABS(L118),L118) -> 0.19170388 | N118: 完整参考循环
A119: 84 | B119: =IF(COUNTIFS(参考循环数据!$A$7:$A$92,A119)>0,VLOOKUP(A119,参考循环数据!$A$7:$I$92,6,FALSE),"") -> 3.7041033 | C119: =MAX('0.02s时程'!G5397:G5462) -> 2.78697 | D119: =IF(ISNUMBER(B119),C119-B119,"") -> -0.91713336 | E119: =IF(ISNUMBER(D119),ABS(D119),"") -> 0.91713336 | F119: =IF(ISNUMBER(B119),IF(B119=0,"不适用（参考为0）",D119/B119),"") -> -0.24759929 | G119: =IF(ISNUMBER(F119),ABS(F119),F119) -> 0.24759929 | H119: =IF(COUNTIFS(参考循环数据!$A$7:$A$92,A119)>0,VLOOKUP(A119,参考循环数据!$A$7:$I$92,5,FALSE),"") -> 2.6766169 | I119: =MIN('0.02s时程'!G5397:G5462) -> 2.1572611 | J119: =IF(ISNUMBER(H119),I119-H119,"") -> -0.51935581 | K119: =IF(ISNUMBER(J119),ABS(J119),"") -> 0.51935581 | L119: =IF(ISNUMBER(H119),IF(H119=0,"不适用（参考为0）",J119/H119),"") -> -0.19403442 | M119: =IF(ISNUMBER(L119),ABS(L119),L119) -> 0.19403442 | N119: 完整参考循环
A120: 85 | B120: =IF(COUNTIFS(参考循环数据!$A$7:$A$92,A120)>0,VLOOKUP(A120,参考循环数据!$A$7:$I$92,6,FALSE),"") -> 3.7186209 | C120: =MAX('0.02s时程'!G5462:G5527) -> 2.7903026 | D120: =IF(ISNUMBER(B120),C120-B120,"") -> -0.92831832 | E120: =IF(ISNUMBER(D120),ABS(D120),"") -> 0.92831832 | F120: =IF(ISNUMBER(B120),IF(B120=0,"不适用（参考为0）",D120/B120),"") -> -0.24964048 | G120: =IF(ISNUMBER(F120),ABS(F120),F120) -> 0.24964048 | H120: =IF(COUNTIFS(参考循环数据!$A$7:$A$92,A120)>0,VLOOKUP(A120,参考循环数据!$A$7:$I$92,5,FALSE),"") -> 2.6883716 | I120: =MIN('0.02s时程'!G5462:G5527) -> 2.1606394 | J120: =IF(ISNUMBER(H120),I120-H120,"") -> -0.52773216 | K120: =IF(ISNUMBER(J120),ABS(J120),"") -> 0.52773216 | L120: =IF(ISNUMBER(H120),IF(H120=0,"不适用（参考为0）",J120/H120),"") -> -0.19630179 | M120: =IF(ISNUMBER(L120),ABS(L120),L120) -> 0.19630179 | N120: 完整参考循环
A121: 86 | B121: =IF(COUNTIFS(参考循环数据!$A$7:$A$92,A121)>0,VLOOKUP(A121,参考循环数据!$A$7:$I$92,6,FALSE),"") -> 3.7308199 | C121: =MAX('0.02s时程'!G5527:G5592) -> 2.7935756 | D121: =IF(ISNUMBER(B121),C121-B121,"") -> -0.9372443 | E121: =IF(ISNUMBER(D121),ABS(D121),"") -> 0.9372443 | F121: =IF(ISNUMBER(B121),IF(B121=0,"不适用（参考为0）",D121/B121),"") -> -0.25121671 | G121: =IF(ISNUMBER(F121),ABS(F121),F121) -> 0.25121671 | H121: =IF(COUNTIFS(参考循环数据!$A$7:$A$92,A121)>0,VLOOKUP(A121,参考循环数据!$A$7:$I$92,5,FALSE),"") -> 2.7008889 | I121: =MIN('0.02s时程'!G5527:G5592) -> 2.163957 | J121: =IF(ISNUMBER(H121),I121-H121,"") -> -0.53693189 | K121: =IF(ISNUMBER(J121),ABS(J121),"") -> 0.53693189 | L121: =IF(ISNUMBER(H121),IF(H121=0,"不适用（参考为0）",J121/H121),"") -> -0.19879822 | M121: =IF(ISNUMBER(L121),ABS(L121),L121) -> 0.19879822 | N121: 完整参考循环
A122: 87 | B122: =IF(COUNTIFS(参考循环数据!$A$7:$A$92,A122)>0,VLOOKUP(A122,参考循环数据!$A$7:$I$92,6,FALSE),"") | C122: =MAX('0.02s时程'!G5592:G5657) -> 2.7967905 | D122: =IF(ISNUMBER(B122),C122-B122,"") | E122: =IF(ISNUMBER(D122),ABS(D122),"") | F122: =IF(ISNUMBER(B122),IF(B122=0,"不适用（参考为0）",D122/B122),"") | G122: =IF(ISNUMBER(F122),ABS(F122),F122) | H122: =IF(COUNTIFS(参考循环数据!$A$7:$A$92,A122)>0,VLOOKUP(A122,参考循环数据!$A$7:$I$92,5,FALSE),"") | I122: =MIN('0.02s时程'!G5592:G5657) -> 2.1672153 | J122: =IF(ISNUMBER(H122),I122-H122,"") | K122: =IF(ISNUMBER(J122),ABS(J122),"") | L122: =IF(ISNUMBER(H122),IF(H122=0,"不适用（参考为0）",J122/H122),"") | M122: =IF(ISNUMBER(L122),ABS(L122),L122) | N122: 第87圈仅有部分时程
A123: 88 | B123: =IF(COUNTIFS(参考循环数据!$A$7:$A$92,A123)>0,VLOOKUP(A123,参考循环数据!$A$7:$I$92,6,FALSE),"") | C123: =MAX('0.02s时程'!G5657:G5722) -> 2.7999488 | D123: =IF(ISNUMBER(B123),C123-B123,"") | E123: =IF(ISNUMBER(D123),ABS(D123),"") | F123: =IF(ISNUMBER(B123),IF(B123=0,"不适用（参考为0）",D123/B123),"") | G123: =IF(ISNUMBER(F123),ABS(F123),F123) | H123: =IF(COUNTIFS(参考循环数据!$A$7:$A$92,A123)>0,VLOOKUP(A123,参考循环数据!$A$7:$I$92,5,FALSE),"") | I123: =MIN('0.02s时程'!G5657:G5722) -> 2.170416 | J123: =IF(ISNUMBER(H123),I123-H123,"") | K123: =IF(ISNUMBER(J123),ABS(J123),"") | L123: =IF(ISNUMBER(H123),IF(H123=0,"不适用（参考为0）",J123/H123),"") | M123: =IF(ISNUMBER(L123),ABS(L123),L123) | N123: 无参考循环
A124: 89 | B124: =IF(COUNTIFS(参考循环数据!$A$7:$A$92,A124)>0,VLOOKUP(A124,参考循环数据!$A$7:$I$92,6,FALSE),"") | C124: =MAX('0.02s时程'!G5722:G5787) -> 2.8030519 | D124: =IF(ISNUMBER(B124),C124-B124,"") | E124: =IF(ISNUMBER(D124),ABS(D124),"") | F124: =IF(ISNUMBER(B124),IF(B124=0,"不适用（参考为0）",D124/B124),"") | G124: =IF(ISNUMBER(F124),ABS(F124),F124) | H124: =IF(COUNTIFS(参考循环数据!$A$7:$A$92,A124)>0,VLOOKUP(A124,参考循环数据!$A$7:$I$92,5,FALSE),"") | I124: =MIN('0.02s时程'!G5722:G5787) -> 2.1735604 | J124: =IF(ISNUMBER(H124),I124-H124,"") | K124: =IF(ISNUMBER(J124),ABS(J124),"") | L124: =IF(ISNUMBER(H124),IF(H124=0,"不适用（参考为0）",J124/H124),"") | M124: =IF(ISNUMBER(L124),ABS(L124),L124) | N124: 无参考循环
...

Sheet 连续加载曲线
A2: 每0.02 s一个点的连续加载位移曲线
A4: 完整估算：0.20–130.20 s，共6501点。折线逐点连接，未只画峰谷包络，也未对曲线降采样。
A5: 估算沿用上一版数值；零时刻重复点已整理，详见“参考循环数据”的取样说明。
A31: 下图放大前5圈，叠加参考逐点曲线，便于区分每次加载和卸载。完整数据见“0.02s时程”。

Sheet 0.02s时程
A1: 样本序号 | B1: 时间 (s) | C1: 连续循环次数 | D1: 所属循环 | E1: 圈内相位 (s) | F1: 协议压力 (kPa) | G1: 估算位移 (mm) | H1: 估算压密项 (mm) | I1: 估算恢复项 (mm) | J1: 参考位移 (mm) | K1: 参考覆盖状态
A2: 0 | B2: 0.2 | C2: 0 | D2: 0 | E2: 0 | F2: 30 | G2: 0 | H2: 0 | I2: 0 | J2: 0 | K2: 有参考逐点数据
A3: 1 | B3: 0.22 | C3: 0.015384615 | D3: 1 | E3: 0.02 | F3: 38 | G3: 0.36514797 | H3: 0.0040960809 | I3: 0.36105189 | J3: 0.95984381 | K3: 有参考逐点数据
A4: 2 | B4: 0.24 | C4: 0.030769231 | D4: 1 | E4: 0.04 | F4: 46 | G4: 0.42511556 | H4: 0.011565113 | I4: 0.41355045 | J4: 1.1555638 | K4: 有参考逐点数据
A5: 3 | B5: 0.26 | C5: 0.046153846 | D5: 1 | E5: 0.06 | F5: 54 | G5: 0.48417297 | H5: 0.02119818 | I5: 0.46297479 | J5: 1.288042 | K5: 有参考逐点数据
A6: 4 | B6: 0.28 | C6: 0.061538462 | D6: 1 | E6: 0.08 | F6: 62 | G6: 0.54244475 | H6: 0.032548984 | I6: 0.50989577 | J6: 1.3933282 | K6: 有参考逐点数据
A7: 5 | B7: 0.3 | C7: 0.076923077 | D7: 1 | E7: 0.1 | F7: 70 | G7: 0.60007179 | H7: 0.04535002 | I7: 0.55472177 | J7: 1.4852239 | K7: 有参考逐点数据
A8: 6 | B8: 0.32 | C8: 0.092307692 | D8: 1 | E8: 0.12 | F8: 78 | G8: 0.65717136 | H8: 0.059413599 | I8: 0.59775776 | J8: 1.568328 | K8: 有参考逐点数据
A9: 7 | B9: 0.34 | C9: 0.10769231 | D9: 1 | E9: 0.14 | F9: 86 | G9: 0.71383528 | H9: 0.074596215 | I9: 0.63923906 | J9: 1.6454393 | K9: 有参考逐点数据
A10: 8 | B10: 0.36 | C10: 0.12307692 | D10: 1 | E10: 0.16 | F10: 94 | G10: 0.77013408 | H10: 0.090781981 | I10: 0.67935209 | J10: 1.7193537 | K10: 有参考逐点数据
A11: 9 | B11: 0.38 | C11: 0.13846154 | D11: 1 | E11: 0.18 | F11: 102 | G11: 0.8261214 | H11: 0.10787373 | I11: 0.71824767 | J11: 1.7899627 | K11: 有参考逐点数据
A12: 10 | B12: 0.4 | C12: 0.15384615 | D12: 1 | E12: 0.2 | F12: 110 | G12: 0.88183773 | H12: 0.12578771 | I12: 0.75605001 | J12: 1.8580994 | K12: 有参考逐点数据
A13: 11 | B13: 0.42 | C13: 0.16923077 | D13: 1 | E13: 0.22 | F13: 118 | G13: 0.93731322 | H13: 0.14445028 | I13: 0.79286293 | J13: 1.9239185 | K13: 有参考逐点数据
... A5612: 5610 | B5612: 112.4 | C5612: 86.307692 | D5612: 87 | E5612: 0.4 | F5612: 150 | G5612: 2.7959921 | H5612: 1.8641895 | I5612: 0.93180262 | J5612: 3.7433834 | K5612: 有参考逐点数据
A5613: 5611 | B5613: 112.42 | C5613: 86.323077 | D5613: 87 | E5613: 0.42 | F5613: 150 | G5613: 2.7961521 | H5613: 1.8643495 | I5613: 0.93180262 | K5613: 参考数据未导出
A5614: 5612 | B5614: 112.44 | C5614: 86.338462 | D5614: 87 | E5614: 0.44 | F5614: 150 | G5614: 2.7963119 | H5614: 1.8645093 | I5614: 0.93180262 | K5614: 参考数据未导出
A5615: 5613 | B5615: 112.46 | C5615: 86.353846 | D5615: 87 | E5615: 0.46 | F5615: 150 | G5615: 2.7964716 | H5615: 1.864669 | I5615: 0.93180262 | K5615: 参考数据未导出
A5616: 5614 | B5616: 112.48 | C5616: 86.369231 | D5616: 87 | E5616: 0.48 | F5616: 150 | G5616: 2.7966311 | H5616: 1.8648285 | I5616: 0.93180262 | K5616: 参考数据未导出
A5617: 5615 | B5617: 112.5 | C5617: 86.384615 | D5617: 87 | E5617: 0.5 | F5617: 150 | G5617: 2.7967905 | H5617: 1.8649879 | I5617: 0.93180262 | K5617: 参考数据未导出
A5618: 5616 | B5618: 112.52 | C5618: 86.4 | D5618: 87 | E5618: 0.52 | F5618: 142 | G5618: 2.7633201 | H5618: 1.8651368 | I5618: 0.89818332 | K5618: 参考数据未导出
A5619: 5617 | B5619: 112.54 | C5619: 86.415385 | D5619: 87 | E5619: 0.54 | F5619: 134 | G5619: 2.7291252 | H5619: 1.8652657 | I5619: 0.86385945 | K5619: 参考数据未导出
A5620: 5618 | B5620: 112.56 | C5620: 86.430769 | D5620: 87 | E5620: 0.56 | F5620: 126 | G5620: 2.6941505 | H5620: 1.8653762 | I5620: 0.82877434 | K5620: 参考数据未导出
A5621: 5619 | B5621: 112.58 | C5621: 86.446154 | D5621: 87 | E5621: 0.58 | F5621: 118 | G5621: 2.6583326 | H5621: 1.8654697 | I5621: 0.79286293 | K5621: 参考数据未导出
A5622: 5620 | B5622: 112.6 | C5622: 86.461538 | D5622: 87 | E5622: 0.6 | F5622: 110 | G5622: 2.6215976 | H5622: 1.8655476 | I5622: 0.75605001 | K5622: 参考数据未导出
A5623: 5621 | B5623: 112.62 | C5623: 86.476923 | D5623: 87 | E5623: 0.62 | F5623: 102 | G5623: 2.583859 | H5623: 1.8656113 | I5623: 0.71824767 | K5623: 参考数据未导出
A5624: 5622 | B5624: 112.64 | C5624: 86.492308 | D5624: 87 | E5624: 0.64 | F5624: 94 | G5624: 2.5450145 | H5624: 1.8656624 | I5624: 0.67935209 | K5624: 参考数据未导出
... A6502: 6500 | B6502: 130.2 | C6502: 100 | D6502: 100 | E6502: 1.3 | F6502: 30 | G6502: 2.2073716 | H6502: 1.9027383 | I6502: 0.30463327 | K6502: 参考数据未导出

Sheet 参考循环数据
A2: 参考文件循环汇总与比较口径
A4: 参考原表的数值快照；原文件未修改。第 1–86 圈完整，第 87 圈只有部分逐点记录。
A6: 循环次数 | B6: 起始时间 (s) | C6: 结束时间 (s) | D6: 循环起点位移 (mm) | E6: 循环最小位移 (mm) | F6: 循环最大位移 (mm) | G6: 循环位移范围 (mm) | H6: 循环终点累计位移 (mm) | I6: 终点位移增量 (mm/循环)
A7: 1 | B7: 0.2 | C7: 1.5 | D7: 0 | E7: 0 | F7: 2.2239786 | G7: 2.2239786 | H7: 1.3364279 | I7: 1.3364279
A8: 2 | B8: 1.5 | C8: 2.8 | D8: 1.3364279 | E8: 1.3364279 | F8: 2.3544004 | G8: 1.0179725 | H8: 1.4531613 | I8: 0.11673332
A9: 3 | B9: 2.8 | C9: 4.1 | D9: 1.4531613 | E9: 1.4531613 | F9: 2.4453973 | G9: 0.99223601 | H9: 1.5326778 | I9: 0.079516593
A10: 4 | B10: 4.1 | C10: 5.4 | D10: 1.5326778 | E10: 1.5326778 | F10: 2.5159427 | G10: 0.98326489 | H10: 1.5938789 | I10: 0.061201012
A11: 5 | B11: 5.4 | C11: 6.7 | D11: 1.5938789 | E11: 1.5938789 | F11: 2.5719775 | G11: 0.97809863 | H11: 1.6392043 | I11: 0.045325456
A12: 6 | B12: 6.7 | C12: 8 | D12: 1.6392043 | E12: 1.6392043 | F12: 2.6149734 | G12: 0.97576908 | H12: 1.6762613 | I12: 0.037057006
A13: 7 | B13: 8 | C13: 9.3 | D13: 1.6762613 | E13: 1.6762613 | F13: 2.6534431 | G13: 0.97718175 | H13: 1.7087247 | I13: 0.032463424
A14: 8 | B14: 9.3 | C14: 10.6 | D14: 1.7087247 | E14: 1.7087247 | F14: 2.6841355 | G14: 0.9754108 | H14: 1.7378688 | I14: 0.029144035
A15: 9 | B15: 10.6 | C15: 11.9 | D15: 1.7378688 | E15: 1.7378688 | F15: 2.7134724 | G15: 0.9756036 | H15: 1.7643067 | I15: 0.026437919
A16: 10 | B16: 11.9 | C16: 13.2 | D16: 1.7643067 | E16: 1.7643067 | F16: 2.7395907 | G16: 0.97528398 | H16: 1.7884987 | I16: 0.024192032
A17: 11 | B17: 13.2 | C17: 14.5 | D17: 1.7884987 | E17: 1.7884987 | F17: 2.7664592 | G17: 0.97796043 | H17: 1.8141852 | I17: 0.025686508
A18: 12 | B18: 14.5 | C18: 15.8 | D18: 1.8141852 | E18: 1.8141852 | F18: 2.7909798 | G18: 0.97679458 | H18: 1.8362418 | I18: 0.02205659
... A92: 86 | B92: 110.7 | C92: 112 | D92: 2.7008889 | E92: 2.7008889 | F92: 3.7308199 | G92: 1.029931 | H92: 2.7115542 | I92: 0.010665279
A96: 参考文件 | B96: [local source filename redacted]
A98: 参考数据范围 | B98: 循环汇总 A1:I87；逐点数据 A1:H5612。参考逐点数据截止 112.40 s。
A100: 原估算文件 | B100: [local source filename redacted]
A102: 参考 SHA-256 | B102: 309045fdf414eb9917e5529bdbe6f584813631cbaa4b253544acf4c5f5e54814
A104: 估算 SHA-256 | B104: 4213f867ede1b72c9ce242feb77c40ba626d6e267bc2f0c4b1b06f50b47b9355
A106: 位移定义 | B106: 两者均以 t=0.20 s 为零点，向下为正，单位 mm。估算没有用新参考数据重拟合。
A108: 波峰/波谷 | B108: 分别取每圈最大/最小位移，包含循环边界。波谷不等同于圈末 30 kPa 位移。
A110: 有符号误差 | B110: 相对误差 = (估算值 - 参考值) / 参考值。负值表示估算偏低。
A112: 绝对相对误差 | B112: 绝对相对误差 = |估算值 - 参考值| / |参考值|。MAPE 为有效循环该指标的算术平均。
A114: 零分母 | B114: 第1圈波谷参考值为0：百分比误差不适用。其绝对位移误差为0，仍计入MAE和RMSE。
A116: 缺失循环 | B116: 87–100圈无完整参考结果，误差留空。第87圈局部最大值不当作完整循环波峰。
A118: 严格等间距 | B118: 时程保留0.20 s加载前零点，删除同一时刻0.20 s+的重复估算点0.304633 mm；以后数值不变。
... A124: 校核限制 | B124: 已核对文件生成引擎、导出缓存值和原生图表结构；未调用桌面Excel执行原生重算。
